team_key,event_key,normalized_opr,opr,state_prov,year,week
<<<<<<< HEAD
frc2122,2017abca,0.8673628381208032,157.4509876182293,AB,2017,5.0
frc1678,2017nvlv,0.7668740155585845,139.2094125107531,NV,2017,5.0
frc987,2017nvlv,0.7491196561480106,135.98649206631677,NV,2017,5.0
frc2638,2017nyli,0.7409263915442106,134.4991818577301,NY,2017,4.0
frc2875,2017nyli,0.7374610315866829,133.87012061163435,NY,2017,4.0
frc870,2017nyli,0.8279571981449264,150.29774486993202,NY,2017,4.0
frc3419,2017nyny,0.7372237566674631,133.82704847535385,NY,2017,5.0
frc1538,2017nvlv,0.7201062493208079,130.71973476667293,NV,2017,5.0
frc1507,2017nyro,0.7618199130116609,138.2919493655012,NY,2017,2.0
frc195,2017nytr,0.7402458964694403,134.37565267607405,NY,2017,2.0
frc20,2017nytr,0.7092049175987012,128.74083346889728,NY,2017,2.0
frc3624,2017nytr,0.7173005407105593,130.21041897374627,NY,2017,2.0
frc2614,2017ohcl,0.7463477101739265,135.4833051506893,OH,2017,4.0
frc6026,2017okok,0.7575631894047271,137.5192331428629,OK,2017,3.0
frc2056,2017oncmp,0.818041937929887,148.49784355443174,ON,2017,6.0
frc303,2017nysu,0.739643310649016,134.26626623665027,NY,2017,3.0
frc2386,2017oncmp,0.7225564718339141,131.16451973741118,ON,2017,6.0
frc148,2017nvlv,0.7592370801022562,137.8230918417921,NV,2017,5.0
frc303,2017njski,0.7510757261783626,136.34157432784946,NJ,2017,4.0
frc1810,2017mokc,0.7035163684247896,127.7082002430056,MO,2017,2.0
frc1986,2017mokc,0.739612416441402,134.26065806059438,MO,2017,2.0
frc3528,2017mokc,0.760286849734038,138.01365484268544,MO,2017,2.0
frc1923,2017mrcmp,0.7359442073845399,133.5947739421966,PA,2017,5.0
frc203,2017mrcmp,0.7164172467394523,130.050076033058,PA,2017,5.0
frc225,2017mrcmp,0.7082540483711927,128.568223700082,PA,2017,5.0
frc118,2017nvlv,0.8524714441348282,154.74777670457777,NV,2017,5.0
frc3974,2017mrcmp,0.721941588778712,131.05290100064232,PA,2017,5.0
frc4561,2017nccmp,0.7248593603696567,131.58255940707576,NC,2017,4.0
frc1533,2017ncgre,0.7250460184429042,131.6164431483292,NC,2017,1.0
frc195,2017necmp,0.7253988039847378,131.68048374303518,NH,2017,5.0
frc230,2017necmp,0.7564608428391083,137.3191259353299,NH,2017,5.0
frc78,2017necmp,0.7301099458046822,132.53568977649508,NH,2017,5.0
frc2084,2017nhgrs,0.7005093261581213,127.16233667370344,NH,2017,0.0
frc708,2017mrcmp,0.713624770857074,129.54316235604003,PA,2017,5.0
frc4939,2017oncmp,0.72219325585527,131.09858572220696,ON,2017,6.0
frc5406,2017oncmp,0.7263152508336428,131.8468448725624,ON,2017,6.0
frc5428,2017oncmp,0.7035572154356902,127.71561513551066,ON,2017,6.0
frc3550,2017qcmo,0.734942349365952,133.41290825975435,QC,2017,3.0
frc2168,2017ripro,0.7654576122721879,138.95229508940724,RI,2017,3.0
frc1876,2017scmb,0.7131578944420104,129.45841102774162,SC,2017,0.0
frc3824,2017scmb,0.7047868469357457,127.93882817344723,SC,2017,0.0
frc148,2017txda,0.7050594702501742,127.98831704732788,TX,2017,1.0
frc118,2017txho,0.8100417522622645,147.04558265606832,TX,2017,2.0
frc3117,2017qcmo,0.7299679242662821,132.50990883396287,QC,2017,3.0
frc2481,2017txlu,0.707995741652275,128.52133369486788,TX,2017,0.0
frc2848,2017txwa,0.8225532287937549,149.31677096373605,TX,2017,4.0
frc2992,2017txwo,0.7211340370510207,130.90630742816086,TX,2017,4.0
frc987,2017utwv,0.7441989954030802,135.0932523977807,UT,2017,1.0
frc3238,2017wamou,0.7553406468800438,137.1157785559762,WA,2017,2.0
frc5803,2017wamou,0.7362540299582445,133.65101553806886,WA,2017,2.0
frc1986,2017wila,0.9259025407334964,168.07760612913472,WI,2017,6.0
frc231,2017txsa,0.7241103174621005,131.44658684705848,TX,2017,5.0
frc3663,2017pncmp,0.7539878512323664,136.87020772747044,WA,2017,5.0
frc3238,2017pncmp,0.7690150520224529,139.59807143288666,WA,2017,5.0
frc2046,2017pncmp,0.7214512679706593,130.96389384921198,WA,2017,5.0
frc610,2017oncmp,0.778308281433451,141.2850564922127,ON,2017,6.0
frc2056,2017onham,0.7543422922035455,136.93454882961566,ON,2017,5.0
frc4976,2017onham,0.7702691638302686,139.82572834190535,ON,2017,5.0
frc6336,2017onnob,0.7110578793664596,129.07719865256652,ON,2017,5.0
frc2609,2017onosh,0.7030218520101132,127.61843146982078,ON,2017,0.0
frc4525,2017onosh,0.7145779187088914,129.71618575987873,ON,2017,0.0
frc2609,2017onto1,0.7805226166480002,141.68702121922817,ON,2017,1.0
frc1305,2017onto2,0.7324315756555105,132.957131527088,ON,2017,2.0
frc4039,2017onto2,0.7180315185172359,130.34311220491767,ON,2017,2.0
frc2056,2017onwat,0.7125757126885516,129.35272850593333,ON,2017,3.0
frc1241,2017onwin,0.771290661630998,140.01115920256242,ON,2017,4.0
frc3674,2017orore,0.7449795961253567,135.23495359738965,OR,2017,3.0
frc2252,2017paca,0.7652864805788431,138.9212298270445,PA,2017,2.0
frc708,2017pahat,0.7360030637404184,133.60545804226797,PA,2017,0.0
frc1778,2017pncmp,0.7109765549286972,129.06243595755535,WA,2017,5.0
frc5464,2017mnmi2,0.722560082270801,131.16517513424003,MN,2017,5.0
frc3928,2017mnmi2,0.7547445358108109,137.00756746777208,MN,2017,5.0
frc33,2017onwin,0.7602711358633413,138.01080232889103,ON,2017,4.0
frc2574,2017mnmi2,0.7434967403930223,134.96577316990297,MN,2017,5.0
frc4592,2017flor,0.7054561938237652,128.06033364260728,FL,2017,1.0
frc2974,2017gacmp,0.7641454746688653,138.71410485061196,GA,2017,5.0
frc1661,2017hiho,0.8144358921957449,147.8432438445026,HI,2017,4.0
frc876,2017iacf,0.8197402536609538,148.80613609060194,IA,2017,3.0
frc3230,2017idbo,0.736540083185219,133.70294232247676,ID,2017,4.0
frc144,2017ilch,0.7164439983858086,130.05493221659975,IL,2017,4.0
frc180,2017flor,0.7656125963186985,138.9804290952877,FL,2017,1.0
frc1511,2017ilch,0.7538439126774211,136.84407879199335,IL,2017,4.0
frc3620,2017ilch,0.7182086671306129,130.3752697091426,IL,2017,4.0
frc2481,2017ilpe,0.7565168103425716,137.32928562664654,IL,2017,2.0
frc1018,2017incmp,0.7383456994335305,134.03071294978668,IN,2017,5.0
frc71,2017incmp,0.7331697555085205,133.09113213420198,IN,2017,5.0
frc71,2017inpmh,0.7073194899512419,128.398574806054,IN,2017,3.0
frc1574,2017iscmp,0.8475784752029355,153.8595638865362,Tel Aviv District,2017,3.0
frc1986,2017ilch,0.8502487163081985,154.34428848012536,IL,2017,4.0
frc1065,2017flor,0.747685310819053,135.7261176547046,FL,2017,1.0
frc195,2017cthar,0.8779662701806094,159.3758116671549,CT,2017,4.0
frc3005,2017code,0.7434752964854554,134.96188049168757,CO,2017,3.0
frc3130,2017mnmi2,0.7151027800221572,129.81146299393149,MN,2017,5.0
frc5015,2017abca,0.7267699481127431,131.92938534180453,AB,2017,5.0
frc180,2017alhu,0.7036069385911303,127.72464130032596,AL,2017,3.0
frc3310,2017arli,0.7266054906336454,131.89953163887066,AR,2017,1.0
frc4613,2017ausc,0.7176027694129895,130.2652820663216,NSW,2017,1.0
frc3255,2017azpx,0.7393637412386347,134.2155164490899,AZ,2017,5.0
frc1678,2017cada,0.7692169910468021,139.6347291007334,CA,2017,3.0
frc3309,2017cair,0.8267160079202004,150.07243359520805,CA,2017,4.0
frc1538,2017casd,0.704711341422042,127.9251217784061,CA,2017,1.0
frc254,2017casf,0.8089306726399669,146.8438901507354,CA,2017,2.0
frc3256,2017casf,0.8336491968096484,151.33100427636893,CA,2017,2.0
frc2473,2017casj,0.7829435825741834,142.12649528857324,CA,2017,4.0
frc254,2017casj,1.0,181.52839930213852,CA,2017,4.0
frc971,2017casj,0.8236125349620202,149.50906511683215,CA,2017,4.0
frc1619,2017code,0.8338875849812853,151.37427849957874,CO,2017,3.0
frc5614,2017isde4,0.734932599367305,133.41113835810674,Tel Aviv District,2017,2.0
frc283,2017lake,0.7337472989210879,133.19597266541285,LA,2017,3.0
frc3635,2017gacmp,0.7574471053014922,137.49816058141823,GA,2017,5.0
frc3937,2017lake,0.7005050658341048,127.1615633039042,LA,2017,3.0
frc4970,2017mishe,0.7570333486884826,137.42305200575794,MI,2017,5.0
frc74,2017mishe,0.7998564808861117,145.19666664669742,MI,2017,5.0
frc33,2017misou,0.7346992784920364,133.36878399309546,MI,2017,0.0
frc226,2017mitry,0.7330230903877976,133.0645082496037,MI,2017,4.0
frc469,2017mitry,0.7520985090217177,136.5272384602374,MI,2017,4.0
frc33,2017miwat,0.747145750376832,135.62817211130147,MI,2017,2.0
frc1918,2017miwmi,0.7132436724677529,129.47398217544995,MI,2017,3.0
frc5927,2017miwmi,0.7661493437198734,139.07786399185255,MI,2017,3.0
frc3293,2017mndu,0.7473103444834777,135.65805061601543,MN,2017,0.0
frc4623,2017mndu2,0.7083552454769162,128.586593848698,MN,2017,0.0
frc4536,2017mnmi,0.7528395965110113,136.6617668859117,MN,2017,5.0
frc5172,2017mnmi,0.7589687807379627,137.77438788765812,MN,2017,5.0
frc3616,2017lake,0.7071552423443125,128.36875920087888,LA,2017,3.0
frc2169,2017mnmi2,0.7137748473549527,129.57040550247282,MN,2017,5.0
frc2491,2017mnmi2,0.7137421416740026,129.56446849256187,MN,2017,5.0
frc1684,2017mimar,0.7128666518369595,129.40554222383815,MI,2017,5.0
frc2054,2017miken,0.720676780152694,130.82330231533774,MI,2017,4.0
frc1806,2017mnmi2,0.720282765756656,130.75177751272295,MN,2017,5.0
frc3770,2017mike2,0.7213276252542172,130.9414491848109,MI,2017,1.0
frc494,2017mike2,0.7300810875307631,132.5304511802239,MI,2017,1.0
frc6763,2017mabos,0.7295026851898576,132.42545472912673,MA,2017,2.0
frc348,2017mabri,0.707788514164563,128.48371602073212,MA,2017,1.0
frc78,2017mabri,0.7316872004407788,132.82200628587756,MA,2017,1.0
frc2084,2017marea,0.7953104058252716,144.37142491779574,MA,2017,2.0
frc4242,2017mdbet,0.7016089904287859,127.36195696852694,MD,2017,1.0
frc33,2017micmp2,0.7847834060948824,142.46047550728414,MI,2017,6.0
frc5687,2017mabos,0.7442370438427616,135.100159270132,MA,2017,2.0
frc4967,2017micmp2,0.7063924340713736,128.23028783611787,MI,2017,6.0
frc3538,2017migay,0.8278704099845928,150.2819903541083,MI,2017,2.0
frc494,2017micmp2,0.7233830026298446,131.31455854977034,MI,2017,6.0
frc3452,2017micmp4,0.7040271043272208,127.80091331384008,MI,2017,6.0
frc4592,2017lake,0.7009222394317888,127.2372921593229,LA,2017,3.0
frc5053,2017micmp3,0.7000297662790852,127.07528293649248,MI,2017,6.0
frc2337,2017micmp3,0.8051247588777543,146.15300871759896,MI,2017,6.0
frc1325,2018onnyo,0.7237096070816018,225.40487336874597,ON,2018,3.0
frc4476,2018onnob,0.7091304271312509,220.86407664810983,ON,2018,4.0
frc1305,2018onnob,0.7255169734483905,225.9677913997498,ON,2018,4.0
frc2056,2018onham,0.7643898635919342,238.07504933103036,ON,2018,5.0
frc1114,2018oncmp2,0.7147574255578456,222.61664819805432,ON,2018,6.0
frc2642,2018ncpem,0.8601415803771137,267.8976513603687,NC,2018,2.0
frc2791,2018nytr,0.7036682984741975,219.1628550445557,NY,2018,2.0
frc2590,2018nysu,0.8379104075896346,260.9735831457603,NY,2018,3.0
frc319,2018nhdur,0.7656246139508661,238.45962174180627,NH,2018,4.0
frc1796,2018nyny,0.7472158738298603,232.7260793164318,NY,2018,5.0
frc870,2018nyli2,0.7702767544958036,239.90856637396865,NY,2018,6.0
frc1796,2018nyli2,0.7001937355789495,218.08067594709507,NY,2018,6.0
frc610,2018onosh,0.8759145757822671,272.8102710038765,ON,2018,0.0
frc694,2018nysu,0.729651764780961,227.25560367639295,NY,2018,3.0
frc694,2018nyny,0.7331180040473957,228.33519031621543,NY,2018,5.0
frc225,2018paphi,0.7273579217288705,226.5411687737401,PA,2018,2.0
frc610,2018onwin,0.8300890844795074,258.5375724475971,ON,2018,4.0
frc772,2018onwin,0.7058334789129433,219.83721699559297,ON,2018,4.0
frc2046,2018orore,0.7538042100456136,234.7780668482971,OR,2018,0.0
frc4513,2018orore,0.7327986006182537,228.23570968365948,OR,2018,0.0
frc2590,2018pahat,0.7213034051976429,224.6554434514888,PA,2018,4.0
frc6429,2018tuis,0.724696556501506,225.71226628827893,Istanbul,2018,1.0
frc118,2018txda,0.7167468411921991,223.23626686105308,TX,2018,0.0
frc148,2018txda,1.0,311.4576221776347,TX,2018,0.0
frc624,2018txel,0.7171519817929495,223.3624509892104,TX,2018,4.0
frc1477,2018txho,0.7071172131491631,220.237045808314,TX,2018,2.0
frc1619,2018txlu,0.8027693522507748,250.02863360910635,TX,2018,1.0
frc1986,2018wila,0.7564793603031562,235.6112627864792,WI,2018,5.0
frc2481,2018wimi,0.7389937100778493,230.16522374507528,WI,2018,3.0
frc5190,2018ncgre,0.7088706942331289,220.78318085725945,NC,2018,1.0
frc2056,2018onwat,0.7763181388878625,241.7902015913804,ON,2018,3.0
frc3478,2018mxmo,0.7266000349236021,226.30511915149145,N.L.,2018,0.0
frc179,2018flor,0.7556503350190618,235.35305654277,FL,2018,1.0
frc1723,2018mokc,0.7502276598017635,233.6641230137487,MO,2018,2.0
frc2590,2018mrcmp,0.7211499604569527,224.60765191741777,PA,2018,5.0
frc364,2018arli,0.7035052405728129,219.11206941831315,AR,2018,1.0
frc4613,2018ausc,0.7286012975557238,226.928427652245,NSW,2018,1.0
frc5584,2018ausp,0.7147737744330833,222.62174017986112,NSW,2018,2.0
frc5985,2018ausp,0.711108231573272,221.48007891675408,NSW,2018,2.0
frc254,2018azfl,0.7460413485042559,232.3602644513316,AZ,2018,1.0
frc1323,2018cada,0.7237286217459292,225.4107956308839,CA,2018,3.0
frc1323,2018cafr,0.8889823904341181,276.88034148240007,CA,2018,5.0
frc3309,2018cair,0.7984166989605164,248.6729665651588,CA,2018,3.0
frc254,2018casj,0.7162744731038437,223.0891442194613,CA,2018,4.0
frc195,2018cthar,0.7349686285456818,228.9115814219953,CT,2018,5.0
frc230,2018ctsct,0.7896198305639507,245.93311485175485,CT,2018,2.0
frc95,2018ctsct,0.7265842941108479,226.30021655537985,CT,2018,2.0
frc230,2018ctwat,0.768306096238175,239.29478983892295,CT,2018,1.0
frc1678,2018cada,0.8595563383240257,267.7153732621155,CA,2018,3.0
frc4910,2018gadal,0.7467040610137449,232.5666713137244,GA,2018,1.0
frc3026,2018mnmi,0.7043675680827123,219.38064789408477,MN,2018,4.0
frc4910,2018gacol,0.821326637339732,255.8084414969854,GA,2018,3.0
frc67,2018mitry,0.7648769395980545,238.22675286571635,MI,2018,4.0
frc3707,2018mimil,0.719036195738011,223.9493037842132,MI,2018,2.0
frc217,2018mimar,0.7317818058324765,227.9190211974387,MI,2018,5.0
frc3357,2018mifor,0.7073743784200635,220.3171418920953,MI,2018,5.0
frc623,2018mdoxo,0.7276323607594951,226.6266449016512,MD,2018,2.0
frc2767,2018miken,0.8085420519162148,251.8265849204499,MI,2018,4.0
frc1629,2018mdedg,0.7173024545650614,223.40931688101483,MD,2018,3.0
frc238,2018marea,0.7137725263450083,222.3098938311394,MA,2018,2.0
frc125,2018mabos,0.7036960468536794,219.1714974888484,MA,2018,5.0
frc2481,2018ilpe,0.705092811885884,219.6065306045197,IL,2018,2.0
frc2122,2018idbo,0.7253734624566547,225.92309380750743,ID,2018,4.0
frc6705,2018gadal,0.778464027459002,242.45855494320568,GA,2018,1.0
frc2791,2019nyut,0.8275768192465028,43.567015056800095,NY,2019,2.0
frc1114,2019oncmp1,0.8065427989683162,42.45969854327189,ON,2019,6.0
frc1305,2019onbar,0.7694333278837878,40.50610481288978,ON,2019,2.0
frc3324,2019ohmv,0.7136482163854584,37.56934929234992,OH,2019,1.0
frc1507,2019ohcl,0.7143805040438664,37.60789989780165,OH,2019,4.0
frc1325,2019oncmp1,0.7016361824478706,36.93698689256912,ON,2019,6.0
frc20,2019nysu,0.7077504514388834,37.25886691989433,NY,2019,3.0
frc2168,2019necmp,0.7326908109700364,38.57182904491502,MA,2019,6.0
frc870,2019nyli2,0.8211739996449172,43.2299445498685,NY,2019,3.0
frc340,2019nyli2,0.8723232462951921,45.92264925972909,NY,2019,3.0
frc987,2019nvlv,0.8401572770238068,44.22930160308624,NV,2019,4.0
frc842,2019nvlv,0.7361400561383145,38.753411361729775,NV,2019,4.0
frc133,2019nhsnh,0.7323033120638393,38.55142952394227,NH,2019,2.0
frc195,2019necmp,0.7391192370514327,38.91024758125672,MA,2019,6.0
frc2056,2019oncmp2,0.8813614576407321,46.39845752383224,ON,2019,6.0
frc1796,2019nyny,0.7126115333811414,37.51477407587716,NY,2019,5.0
frc3683,2019oncmp2,0.7038031113793591,37.05106285892005,ON,2019,6.0
frc1986,2019wila,0.7736954355809433,40.73047952457485,WI,2019,5.0
frc5406,2019onto1,0.7452088239008254,39.230828240099655,ON,2019,2.0
frc1807,2019mrcmp,0.7737922470942495,40.73557607701541,PA,2019,5.0
frc930,2019wimi,0.7575006909705707,39.87792219591074,WI,2019,4.0
frc2481,2019wila,0.7666137920551388,40.357672960953934,WI,2019,5.0
frc2910,2019wayak,0.7376174233206653,38.83118598854509,WA,2019,2.0
frc2910,2019wasno,0.7883861572362698,41.5038589579616,WA,2019,3.0
frc2046,2019waahs,0.7055970227990983,37.14550166389468,WA,2019,4.0
frc346,2019vagle,0.7340190183520844,38.64175129221156,VA,2019,0.0
frc2056,2019onham,1.0,52.64407369030376,ON,2019,5.0
frc971,2019utwv,0.7896264183247926,41.56915135410101,UT,2019,4.0
frc118,2019txpas,0.7196845147920684,37.88712463048416,TX,2019,4.0
frc3310,2019txgre,0.7319210038975511,38.53130326466379,TX,2019,3.0
frc148,2019txdls,0.7367757797848248,38.78687844422333,TX,2019,4.0
frc2910,2019pncmp,0.8069937335421785,42.483437576207805,WA,2019,5.0
frc1540,2019orwil,0.7467284544843925,39.310827784523,OR,2019,1.0
frc4043,2019orlak,0.7293705734856021,38.39703821811515,OR,2019,4.0
frc2056,2019onwat,0.8410424379472866,44.27590007996969,ON,2019,3.0
frc3478,2019utwv,0.7403084543989293,38.97285282693212,UT,2019,4.0
frc3707,2019milan,0.7745944505372473,40.7778073341832,MI,2019,5.0
frc1114,2019onwin,0.7663680119604646,40.34473409553829,ON,2019,4.0
frc3641,2019midet,0.7952079144317391,41.86298404645724,MI,2019,2.0
frc846,2019casj,0.7157227059767434,37.67855887526329,CA,2019,4.0
frc910,2019mifor,0.7135006303570729,37.56157976259593,MI,2019,5.0
frc649,2019casj,0.7167789317595329,37.73416290320606,CA,2019,4.0
frc604,2019casj,0.7165710773829185,37.72322060208672,CA,2019,4.0
frc971,2019casf,0.7543252308645281,39.71075304008762,CA,2019,2.0
frc987,2019casd,0.7395648834008636,38.933708220515975,CA,2019,1.0
frc973,2019caoc,0.7091782045033292,37.33402965743058,CA,2019,0.0
frc4414,2019cave,0.7156262738546642,37.67348229552244,CA,2019,4.0
frc330,2019caoc,0.8194038689927029,43.13675766137186,CA,2019,0.0
frc1323,2019cafr,0.7965933189649989,41.93591738479705,CA,2019,1.0
frc973,2019cada,0.828080220631445,43.59351615640479,CA,2019,3.0
frc1323,2019cada,0.9291053524039489,48.91189063800913,CA,2019,3.0
frc1678,2019caav,0.7618411963820231,40.1064240826444,CA,2019,5.0
frc2478,2019azpx,0.790798975234758,41.6308795264753,AZ,2019,5.0
frc118,2019azfl,0.7333118129888084,38.60452112095308,AZ,2019,2.0
frc4627,2019abca,0.7123212118027509,37.49949036531049,AB,2019,5.0
frc1678,2019cafr,0.7710509950132067,40.591265400457296,CA,2019,1.0
frc1619,2019code,0.8570227823478691,45.117170508190384,CO,2019,3.0
frc254,2019casf,0.7274350706976337,38.29514546671756,CA,2019,2.0
frc179,2019flwp,0.7229719712956744,38.060189732913656,FL,2019,4.0
frc5460,2019micmp4,0.8674694630017994,45.66712633435496,MI,2019,6.0
frc177,2019cthar,0.7510212891056804,39.53682008666637,CT,2019,5.0
frc2851,2019micmp4,0.770357162495973,40.55473923029131,MI,2019,6.0
frc3707,2019micmp3,0.7282586054469953,38.33849969074947,MI,2019,6.0
frc1918,2019micmp3,0.757779398341278,39.89259448727229,MI,2019,6.0
frc5050,2019micmp2,0.7830015699802922,41.22039234966604,MI,2019,6.0
frc910,2019micmp1,0.7437546116961911,39.15427258563754,MI,2019,6.0
frc1718,2019micmp1,0.7333105438705676,38.60445430939889,MI,2019,6.0
frc3538,2019micmp4,0.7701659247222572,40.54467169483945,MI,2019,6.0
frc3538,2019mial2,0.8013965517844983,42.18877912729847,MI,2019,4.0
frc133,2019melew,0.7608578699865394,40.05465777541894,ME,2019,5.0
frc868,2019incmp,0.7207454048423481,37.94297420446839,IN,2019,6.0
frc359,2019hiho,0.7393873409926843,38.92436166489663,HI,2019,4.0
frc148,2019ftcmp,0.8240980160429913,43.38387668460037,TX,2019,5.0
frc59,2019flwp,0.7198960415225557,37.8982602592714,FL,2019,4.0
frc180,2019flwp,0.7001475893946137,36.85862129017859,FL,2019,4.0
frc33,2019micen,0.7978890246756092,42.004128611707365,MI,2019,2.0
frc27,2022micmp4,0.80517917269442,67.9828021844497,MI,2022,6.0
frc27,2022mitry,0.7525147379964624,63.53624424102175,MI,2022,4.0
frc67,2022mitry,0.7124684187679978,60.15505767950936,MI,2022,4.0
frc5895,2022mrcmp,0.7239451909428453,61.12406328588607,PA,2022,5.0
frc5172,2022ndgf,0.7610685987151173,64.25846289852092,ND,2022,3.0
frc2056,2022on409,0.7252510668062477,61.23432085775303,ON,2022,5.0
frc148,2022txirv,0.8134872229222176,68.68426659675535,TX,2022,3.0
frc6800,2022txcmp1,0.8003314414528058,67.57349905637797,TX,2022,5.0
frc3310,2022txcmp2,0.7439060999472972,62.80940062978488,TX,2022,5.0
frc3310,2022txirv,0.7987898552310566,67.4433400126303,TX,2022,3.0
frc2910,2022wabon,0.7827512281133949,66.08916835540593,WA,2022,4.0
frc2910,2022wayak,0.7259721130023743,61.295200153417234,WA,2022,2.0
frc67,2022micmp1,0.7055990174652478,59.575061120075645,MI,2022,6.0
frc2056,2022oncmp,0.7571300977578929,63.925927805018354,ON,2022,6.0
frc1690,2022iscmp,0.853706947656549,72.08009411347723,Jerusalem District,2022,3.0
frc1690,2022isde3,0.9532789602807592,80.48714768229605,Center District,2022,2.0
frc254,2022cada,1.0,84.43189353365254,CA,2022,3.0
frc1577,2022iscmp,0.8390733751732706,70.84455387955208,Jerusalem District,2022,3.0
frc364,2022alhu,0.7453198827702491,62.92876899057207,AL,2022,5.0
frc3647,2022caav,0.7075469504449159,59.73952879002567,CA,2022,5.0
frc1678,2022cada,0.7714463185977692,65.13467343877505,CA,2022,3.0
frc973,2022cada,0.7343331953553105,62.00114216846645,CA,2022,3.0
frc1323,2022cafr,0.9407840709382904,79.43218051561796,CA,2022,4.0
frc973,2022cafr,0.8029208480218183,67.79212755612818,CA,2022,4.0
frc1678,2022caph,0.8457226961134366,71.40596863724326,CA,2022,0.0
frc1678,2022casj,0.895051337379466,75.57087922477639,CA,2022,5.0
frc254,2022casj,0.8804726032960237,74.33996910078777,CA,2022,5.0
frc1619,2022code,0.7277102486629808,61.44195423846061,CO,2022,3.0
frc1771,2022gacar,0.8042452928182919,67.90395293817524,GA,2022,3.0
frc1771,2022gacmp,0.7059917115274972,59.60821702333078,GA,2022,5.0
frc1323,2022camb,0.8544075975550027,72.13925131110784,CA,2022,3.0
frc4946,2023oncmp2,0.7438973296035315,65.42449852021838,ON,2023,5.0
frc1325,2023onham,0.8668641850525143,76.23922325736132,ON,2023,4.0
frc4907,2023oncmp2,0.7083463310873416,62.29784897161149,ON,2023,5.0
frc930,2023paca,0.8218893713002607,72.2837652678164,PA,2023,5.0
frc3683,2023oncmp1,0.714395387409338,62.82985313487161,ON,2023,5.0
frc2056,2023oncmp1,0.9447248208141936,83.08693307759707,ON,2023,5.0
frc2056,2023onham,1.0,87.94829059957388,ON,2023,4.0
frc4678,2023oncmp2,0.7803091467496477,68.62685559584355,ON,2023,5.0
frc3683,2023onlon,0.8743660352934296,76.89899816238382,ON,2023,2.0
frc2521,2023orsal,0.7277965713225976,64.00846435205331,OR,2023,3.0
frc1114,2023onwat,0.7181187600391243,63.15731739292657,ON,2023,3.0
frc3683,2023onwat,0.7597722125280606,66.82066733689908,ON,2023,3.0
frc4678,2023onwat,0.7305228545700223,64.24823630335457,ON,2023,3.0
frc4678,2023onwin,0.7612905962597679,66.95420659057694,ON,2023,4.0
frc4907,2023onwin,0.7505212153484767,66.0070579486132,ON,2023,4.0
frc6424,2023oktu,0.7291684847033749,64.12912178874336,OK,2023,5.0
frc2046,2023orwil,0.7762750111292989,68.27206026398703,OR,2023,1.0
frc1591,2023paca,0.7730734899774666,67.990491951365,PA,2023,5.0
frc2056,2023onnew,0.9750325462195188,85.7524457189567,ON,2023,0.0
frc5013,2023oktu,0.725291997033418,63.78819132464032,OK,2023,5.0
frc870,2023nyli,0.7566633156302472,66.54724516908608,NY,2023,2.0
frc1732,2023ohmv,0.723202275543251,63.60440389175094,OH,2023,2.0
frc176,2023necmp2,0.7321447726873427,64.39088122926537,MA,2023,5.0
frc177,2023necmp2,0.7159456474027084,62.966195851273454,MA,2023,5.0
frc3467,2023necmp2,0.7655552202700181,67.32927298232835,MA,2023,5.0
frc6328,2023necmp2,0.7244826459176964,63.71701027751775,MA,2023,5.0
frc6329,2023necmp1,0.70120121466653,61.66944819626617,MA,2023,5.0
frc95,2023necmp2,0.7034161980442191,61.86425219804039,MA,2023,5.0
frc133,2023nhdur,0.724966787319177,63.75958968618645,NH,2023,3.0
frc6329,2023nhdur,0.7758002251091066,68.23030364511054,NH,2023,3.0
frc359,2023nvlv,0.7394529463166258,65.03362260736571,NV,2023,4.0
frc987,2023nvlv,0.7353708801343728,64.67461186452223,NV,2023,4.0
frc2872,2023nyli,0.7460587857003365,65.6145948891384,NY,2023,2.0
frc3015,2023nyli,0.8099864168505874,71.23692077088305,NY,2023,2.0
frc1796,2023nyny,0.769883793664635,67.7099636131197,NY,2023,5.0
frc2601,2023nyny,0.7222499264341379,63.52064641555042,NY,2023,5.0
frc694,2023nyny,0.7480576977477043,65.7903957867633,NY,2023,5.0
frc4028,2023ohcl,0.7499126989318734,65.95353996997116,OH,2023,4.0
frc695,2023ohcl,0.7298002693700852,64.18468617020756,OH,2023,4.0
frc1339,2023oktu,0.7099668099137203,62.4403673143443,OK,2023,5.0
frc2539,2023paphi,0.7220422924297265,63.502385359792086,PA,2023,2.0
frc2046,2023waahs,0.9051938639081754,79.61025299194733,WA,2023,4.0
frc1318,2023pncmp,0.7268918245289822,63.92889341812939,WA,2023,5.0
frc2468,2023txsan,0.7329442161898523,64.46119091874203,TX,2023,2.0
frc2687,2023txsan,0.7233869522035656,63.62064588833925,TX,2023,2.0
frc1727,2023vaale,0.716993756933539,63.05837529287112,VA,2023,2.0
frc8592,2023vaale,0.7581256209107167,66.67585241883809,VA,2023,2.0
frc2363,2023vabla,0.7511606557427563,66.0632956382304,VA,2023,0.0
frc384,2023vagle,0.7151063167460158,62.89237815476952,VA,2023,3.0
frc422,2023vagle,0.7158719246388464,62.95971206021352,VA,2023,3.0
frc5804,2023vagle,0.7040952011604426,61.92396936142403,VA,2023,3.0
frc3847,2023txhou,0.7031702263311829,61.84261940634301,TX,2023,3.0
frc2363,2023vapor,0.7207419960503441,63.38802651595259,VA,2023,2.0
frc3663,2023waahs,0.7611014563390752,66.93757205786788,WA,2023,4.0
frc2910,2023wasam,0.7826778748906988,68.83518118674411,WA,2023,3.0
frc2910,2023wasno,0.8155777826600717,71.7286718359441,WA,2023,0.0
frc2910,2023wayak,0.8313883369957294,73.11918306319687,WA,2023,2.0
frc111,2023wila,0.8237646868584623,72.44869606549501,WI,2023,4.0
frc2338,2023wila,0.8131891970964178,71.51859981866991,WI,2023,4.0
frc2481,2023wila,0.751037363811682,66.0524523236477,WI,2023,4.0
frc930,2023wimi,0.7101789300484015,62.45902291759127,WI,2023,3.0
frc319,2023necmp1,0.7591689158829434,66.76760842823657,MA,2023,5.0
frc341,2023paphi,0.7368635133089786,64.80588640072102,PA,2023,2.0
frc118,2023txhou,0.8097233881558213,71.21378784679973,TX,2023,3.0
frc3005,2023txfor,0.7764373240282102,68.28633540598854,TX,2023,2.0
frc2521,2023pncmp,0.7609934347623774,66.92807174484943,WA,2023,5.0
frc2910,2023pncmp,0.8522475541035198,74.95371555107242,WA,2023,5.0
frc2930,2023pncmp,0.7099473507170554,62.43865591126118,WA,2023,5.0
frc3218,2023pncmp,0.7124899837555784,62.66227614062128,WA,2023,5.0
frc955,2023pncmp,0.7006461649875492,61.62063252580196,WA,2023,5.0
frc6329,2023rinsc,0.7230845784979749,63.594052637810286,RI,2023,1.0
frc325,2023tnkn,0.7157750114822419,62.95118871375354,TN,2023,4.0
frc3310,2023txama,0.7240833185492417,63.68189011807253,TX,2023,4.0
frc6672,2023txfor,0.8246600482147318,72.52744156624784,TX,2023,2.0
frc118,2023txcle,0.7336764955658921,64.52559363810606,TX,2023,4.0
frc6672,2023txcmp1,0.7227529272295855,63.56488447568026,TX,2023,5.0
frc118,2023txcmp2,0.7633583046670686,67.1360580104574,TX,2023,5.0
frc148,2023txcmp2,0.7159757196274316,62.968840652032384,TX,2023,5.0
frc2687,2023txcmp2,0.7266763305064725,63.90994108721524,TX,2023,5.0
frc3005,2023txcmp2,0.7808196343528466,68.67175210791717,TX,2023,5.0
frc3310,2023txcmp2,0.7334116136114219,64.50229772299973,TX,2023,5.0
frc624,2023txcmp2,0.766203928995927,67.38632580586906,TX,2023,5.0
frc3005,2023txdal,0.7953835843569305,69.952626615154,TX,2023,0.0
frc2468,2023txcmp1,0.7247076181634712,63.73679620196599,TX,2023,5.0
frc195,2023necmp1,0.811282163757595,71.35087949640405,MA,2023,5.0
frc1987,2023mokc,0.7648766204186204,67.26959128539679,MO,2023,4.0
frc125,2023necmp1,0.7572078701338001,66.59513780681185,MA,2023,5.0
frc973,2023caph,0.7049357825223044,61.99789705530964,CA,2023,0.0
frc1538,2023casd,0.7170984580230138,63.06758357471435,CA,2023,3.0
frc1678,2023casj,0.8857314026419639,77.89856279272362,CA,2023,5.0
frc1868,2023casj,0.7092544515284424,62.37771661206484,CA,2023,5.0
frc254,2023casj,0.8839384475793329,77.74087545984338,CA,2023,5.0
frc4255,2023casj,0.8023467930973351,70.56502892096061,CA,2023,5.0
frc581,2023casj,0.8359876233758019,73.52368243830215,CA,2023,5.0
frc599,2023casj,0.7197245305029845,63.29854216031835,CA,2023,5.0
frc972,2023casj,0.7102106535015835,62.46181294107054,CA,2023,5.0
frc4414,2023cave,0.8123083372972723,71.44112970507717,CA,2023,1.0
frc4481,2023cave,0.7215614396778779,63.460095182236905,CA,2023,1.0
frc8592,2023chcmp,0.7173542791734852,63.09008260759752,VA,2023,5.0
frc1339,2023code,0.7049840900029126,62.00214561565231,CO,2023,3.0
frc1619,2023code,0.8584033994655462,75.49511162785797,CO,2023,3.0
frc4499,2023code,0.8506358534814411,74.81196923640233,CO,2023,3.0
frc195,2023cthar,0.8148150573632879,71.6615914498949,CT,2023,4.0
frc180,2023flta,0.7236597372385971,63.64463686587141,FL,2023,3.0
frc1678,2023caph,0.8110935064144857,71.33428740556853,CA,2023,0.0
frc7157,2023caoc,0.75066130057168,66.01937820453219,CA,2023,1.0
frc1538,2023caoc,0.7276903250521439,63.999120174184334,CA,2023,1.0
frc971,2023camb,0.8621244031347585,75.82236753987992,CA,2023,4.0
frc2992,2023alhu,0.7020858035591917,61.74724627725913,AL,2023,5.0
frc3630,2023alhu,0.7040046355772985,61.91600427319936,AL,2023,5.0
frc3937,2023alhu,0.8157673604249612,71.74534487630181,AL,2023,5.0
frc4499,2023alhu,0.7173310526491232,63.08803987448332,AL,2023,5.0
frc4613,2023ausc,0.7612644712514476,66.95190894075327,NSW,2023,1.0
frc3476,2023caav,0.7354654235130166,64.68292679306145,CA,2023,4.0
frc4414,2023caav,0.7627797643693655,67.08517638023145,CA,2023,4.0
frc4415,2023caav,0.739725101439382,65.05755818519003,CA,2023,4.0
frc6722,2023flta,0.7029816312393076,61.82603279039711,FL,2023,3.0
frc7157,2023caav,0.799026400535388,70.27300607101782,CA,2023,4.0
frc254,2023cada,0.9680620197633701,85.1393998325593,CA,2023,3.0
frc1323,2023cafr,0.8244312689959815,72.50732082503404,CA,2023,1.0
frc5940,2023cafr,0.7241275643110984,63.6857814571941,CA,2023,1.0
frc1323,2023camb,0.9312584081072185,81.90258509951022,CA,2023,4.0
frc3970,2023camb,0.7045425859134331,61.96331608568986,CA,2023,4.0
frc133,2023necmp1,0.7367990228204483,64.80021457249485,MA,2023,5.0
frc5940,2023camb,0.819633222605535,72.08534084677682,CA,2023,4.0
frc8033,2023camb,0.7820338171757651,68.77853741166822,CA,2023,4.0
frc1678,2023cada,0.8587193703250596,75.52290072483144,CA,2023,3.0
frc695,2023flwp,0.7478859093338383,65.77528728941897,FL,2023,0.0
frc4255,2023camb,0.7038002451756779,61.89802848676186,CA,2023,4.0
frc2974,2023gadal,0.7654320588844791,67.31844114900231,GA,2023,1.0
frc9312,2023milak,0.7008206804408509,61.63598086160305,MI,2023,3.0
frc857,2023milsu,0.7287031062932251,64.08819255308873,MI,2023,3.0
frc3175,2023mimcc,0.7272783611667911,63.96288865467879,MI,2023,4.0
frc3538,2023mimus,0.8002138154420918,70.37743718229487,MI,2023,2.0
frc3538,2023mitr2,0.751304962562238,66.07598717632568,MI,2023,4.0
frc7769,2023mitr2,0.7306048587073047,64.25544842705065,MI,2023,4.0
frc1718,2023mitry,0.748252781510718,65.80755307024408,MI,2023,3.0
frc67,2023mitry,0.7367146870677816,64.7927973872114,MI,2023,3.0
frc2767,2023mila2,0.7941324636531442,69.84259268792226,MI,2023,3.0
frc3357,2023miwmi,0.7217899854496553,63.48019539218849,MI,2023,3.0
frc2987,2023mnmi2,0.7155268164039529,62.9293603808828,WI,2023,3.0
frc1706,2023mose,0.7678692677269948,67.53278950053574,MO,2023,3.0
frc4522,2023mose,0.774039486183122,68.07544966637806,MO,2023,3.0
frc1391,2023mrcmp,0.71172289064855,62.59481161312742,PA,2023,5.0
frc2539,2023mrcmp,0.7756265631162693,68.21503036969838,PA,2023,5.0
frc3314,2023mrcmp,0.706194667855271,62.10861386840493,PA,2023,5.0
frc7890,2023ncwak,0.7361703606033491,64.74492480513643,NC,2023,2.0
frc2974,2023gacar,0.7119992516906629,62.61911709436957,GA,2023,3.0
frc494,2023miwmi,0.7153558831684939,62.91432709501752,MI,2023,3.0
frc4391,2023miken,0.7760438514316698,68.25173016372503,MI,2023,4.0
frc2052,2023mndu2,0.7043926971638413,61.95013362638316,MN,2023,0.0
frc2337,2023midet,0.7931745045616161,69.75834182335805,MI,2023,2.0
frc6036,2023idbo,0.9168347953651111,80.63405301457165,ID,2023,4.0
frc2075,2023miken,0.7141920432537268,62.8119693639822,MI,2023,4.0
frc7457,2023incmp,0.7149023361844983,62.87443841306852,IN,2023,5.0
frc461,2023inwla,0.7320288538958164,64.38068636970227,IN,2023,3.0
frc1577,2023iscmp,0.7563110593529895,66.51626483164829,Jerusalem District,2023,3.0
frc1987,2023ksla,0.7425480846185688,65.30583473019087,KS,2023,2.0
frc4522,2023lake,0.7725463571038834,67.94413151621451,LA,2023,4.0
frc176,2023mawne,0.8175261978558624,71.90003162179212,MA,2023,2.0
frc1768,2023mawor,0.7437060946047476,65.40767972897252,MA,2023,4.0
frc1577,2023isde1,0.7161763055445877,62.98648184056461,Center District,2023,0.0
frc1718,2023micmp1,0.707799543570475,62.24975994418189,MI,2023,5.0
frc3538,2023micmp2,0.7653162404071974,67.30825511190554,MI,2023,5.0
frc4381,2023micmp2,0.7664541024737135,67.40832813559373,MI,2023,5.0
frc4391,2023micmp2,0.7465005537283385,65.65344763204273,MI,2023,5.0
frc2337,2023micmp3,0.7096951596841888,62.41647614101603,MI,2023,5.0
frc2767,2023micmp3,0.7310026404211842,64.29043264881813,MI,2023,5.0
frc1731,2023mdbet,0.7398525027362319,65.06876291146816,MD,2023,1.0
frc33,2023micmp3,0.7181026893001389,63.15590399890412,MI,2023,5.0
frc5712,2023micmp4,0.7429620174011047,65.34223941083802,MI,2023,5.0
frc5712,2024micmp2,0.7194916145233725,49.19193021604651,MI,2024,5.0
frc6328,2024necmp2,0.8302966394789356,56.76771420737513,MA,2024,5.0
frc3467,2024necmp1,0.7598853460381472,51.95366583843709,MA,2024,5.0
frc125,2024necmp1,0.825287314947253,56.4252246803008,MA,2024,5.0
frc27,2024mitry,0.7239230898131489,49.49491195872216,MI,2024,3.0
frc1706,2024mosl,0.8514436238929924,58.21354201214424,MO,2024,3.0
frc7028,2024mnmi2,0.7073054347893847,48.35875622072254,MN,2024,5.0
frc2767,2024micmp4,0.7378123594472165,50.44452689348901,MI,2024,5.0
frc4414,2024nvlv,0.7714721880554495,52.74586287372439,NV,2024,4.0
frc1756,2024mosl,0.7441592392417627,50.878465610272784,MO,2024,3.0
frc1796,2024nysu,0.8351753459648374,57.101273326278886,NY,2024,1.0
frc9483,2024tuis2,0.8110327466265594,55.45063412783696,İstanbul,2024,1.0
frc3173,2024nytr,0.725923833097869,49.631703579438096,NY,2024,3.0
frc2056,2024oncmp1,1.0,68.37040102077314,ON,2024,5.0
frc2056,2024onham,0.9026758675162403,61.71631105385964,ON,2024,4.0
frc2056,2024onnew,0.8981327396343869,61.405695578688665,ON,2024,1.0
frc3683,2024onwat,0.7444211851509678,50.89637495713088,ON,2024,3.0
frc2910,2024pncmp,0.7372877103327385,50.40865642313696,OR,2024,5.0
frc4613,2024tuis2,0.802215315156025,54.847782802223335,İstanbul,2024,1.0
frc9483,2024tuis3,0.7713152611386248,52.735133717490136,İstanbul,2024,3.0
frc3005,2024txcmp1,0.8186401830143571,55.97075760441072,TX,2024,5.0
frc9128,2024txcmp1,0.7186319833356324,49.13315688701075,TX,2024,5.0
frc6081,2024micmp1,0.7253027540033913,49.58924015268303,MI,2024,5.0
frc1796,2024nytr,0.7528684964919342,51.47392102106008,NY,2024,3.0
frc6329,2024melew,0.8343379893299505,57.04402291735426,ME,2024,2.0
frc1678,2024cada,0.7908260782596833,54.069096108299874,CA,2024,2.0
frc6328,2024marea,0.734274962636387,50.202673654963,MA,2024,2.0
frc3847,2024txcmp2,0.7787420981329515,53.24290954110817,TX,2024,5.0
frc2481,2024alhu,0.7447494850389316,50.91882095212604,AL,2024,5.0
frc4613,2024ausc,0.8116915803103235,55.49567885100191,NSW,2024,2.0
frc1678,2024cabe,0.915245294796103,62.57568783758529,CA,2024,5.0
frc254,2024cabe,0.9194032598394183,62.85996957502712,CA,2024,5.0
frc5940,2024cabe,0.9296105273492851,63.55784454800302,CA,2024,5.0
frc254,2024cada,0.7940565952619261,54.28996785124764,CA,2024,2.0
frc1323,2024cafr,0.7170176795379464,49.0227862889936,CA,2024,3.0
frc1323,2024camb,0.9035817426052816,61.77824609697212,CA,2024,4.0
frc604,2024camb,0.7785752575442869,53.23150258315463,CA,2024,4.0
frc359,2024casd,0.7254642835349786,49.60028399153436,CA,2024,3.0
frc176,2024mawne,0.7247046874998585,49.54835010599941,MA,2024,3.0
frc5940,2024casf,0.7393819658767505,50.55184151452104,CA,2024,1.0
frc4414,2024cave,0.7427681804350718,50.78335836181584,CA,2024,1.0
frc1771,2024gacmp,0.8497810375930611,58.09987032008629,GA,2024,5.0
frc1771,2024gagwi,0.7095772225036634,48.51407925778184,GA,2024,2.0
frc359,2024hiho,0.8816791981684089,60.28076035044783,HI,2024,5.0
frc368,2024hiho,0.737049439047484,50.392365719812375,HI,2024,5.0
frc2481,2024ilpe,0.736759738393479,50.37255876992207,IL,2024,2.0
frc1690,2024iscmp,0.7997443388037664,54.67884115810657,Jerusalem District,2024,3.0
frc1690,2024isde3,0.8070588259716508,55.17893557903613,Haifa District,2024,0.0
frc3339,2024isde3,0.7348590354007003,50.24260694408441,Haifa District,2024,0.0
frc2231,2024isde4,0.7126364393426974,48.7232391398761,Haifa District,2024,1.0
frc3478,2024lake,0.734989862076422,50.25155161636772,LA,2024,5.0
frc1678,2024casj,0.7556223044801333,51.662199977547466,CA,2024,0.0
frc2468,2024txfor,0.7138044188203077,48.80309436514435,TX,2024,2.0
=======
frc2122,2017abca,0.9280350436631474,157.4509876182293,AB,2017,5.0
frc870,2017nyli,0.8858729712197188,150.29774486993202,NY,2017,4.0
frc5254,2017nyli,0.7207001331952224,122.27442112559451,NY,2017,4.0
frc4122,2017nyli,0.7250371412254802,123.01024053493154,NY,2017,4.0
frc2875,2017nyli,0.7890465795504805,133.87012061163435,NY,2017,4.0
frc2638,2017nyli,0.7927543421362749,134.4991818577301,NY,2017,4.0
frc987,2017nvlv,0.8015207272523412,135.98649206631677,NV,2017,5.0
frc1155,2017nyny,0.7061829342445467,119.81142435856307,NY,2017,5.0
frc1678,2017nvlv,0.8205170076861455,139.2094125107531,NV,2017,5.0
frc148,2017nvlv,0.8123458670536723,137.8230918417921,NV,2017,5.0
frc118,2017nvlv,0.9121019936630796,154.74777670457777,NV,2017,5.0
frc1391,2017njtab,0.7105095258929379,120.54547651824342,NJ,2017,3.0
frc303,2017njski,0.8036136247760107,136.34157432784946,NJ,2017,4.0
frc11,2017njski,0.7053648201401559,119.67262262408084,NJ,2017,4.0
frc1676,2017njbri,0.718284650238122,121.8646088240361,NJ,2017,2.0
frc1538,2017nvlv,0.7704778267632733,130.71973476667293,NV,2017,5.0
frc3419,2017nyny,0.7887927072027843,133.82704847535385,NY,2017,5.0
frc694,2017nyny,0.7144850734787097,121.21997032963256,NY,2017,5.0
frc1507,2017nyro,0.8151093696462518,138.2919493655012,NY,2017,2.0
frc1114,2017oncmp,0.7420059268815059,125.88917498731745,ON,2017,6.0
frc1285,2017onbar,0.7086562631964518,120.23105084663734,ON,2017,3.0
frc6026,2017okok,0.8105548873640946,137.5192331428629,OK,2017,3.0
frc144,2017ohsp,0.7472393852916084,126.77708671107844,OH,2017,1.0
frc578,2017ohcl,0.7312919970152613,124.07144315678866,OH,2017,4.0
frc4145,2017ohcl,0.7104702979176039,120.53882107618789,OH,2017,4.0
frc4050,2017ohcl,0.7311101646599977,124.04059336925889,OH,2017,4.0
frc3015,2017ohcl,0.7455096451936037,126.4836179583483,OH,2017,4.0
frc2614,2017ohcl,0.798554883098049,135.4833051506893,OH,2017,4.0
frc1507,2017ohcl,0.748221724333648,126.94375094795312,OH,2017,4.0
frc3624,2017nytr,0.7674758582696041,130.21041897374627,NY,2017,2.0
frc20,2017nytr,0.758813944687543,128.74083346889728,NY,2017,2.0
frc195,2017nytr,0.7920262462937148,134.37565267607405,NY,2017,2.0
frc303,2017nysu,0.7913815094735625,134.26626623665027,NY,2017,3.0
frc20,2017nysu,0.7198676845592582,122.13318738580313,NY,2017,3.0
frc2084,2017nhgrs,0.749510094871105,127.16233667370344,NH,2017,0.0
frc95,2017nhbed,0.743006772436159,126.0589790503315,NH,2017,3.0
frc213,2017nhbed,0.7038669471392393,119.41849258348444,NH,2017,3.0
frc1721,2017nhbed,0.7172836196907277,121.6947733750415,NH,2017,3.0
frc1533,2017ncash,0.7385180002479417,125.2974112420316,NC,2017,2.0
frc3478,2017mxto,0.725185700245385,123.0354451482307,Coah.,2017,4.0
frc708,2017mrcmp,0.7635429675731735,129.54316235604003,PA,2017,5.0
frc5401,2017mrcmp,0.7339225180740883,124.51773895293448,PA,2017,5.0
frc3974,2017mrcmp,0.7724415485865911,131.05290100064232,PA,2017,5.0
frc365,2017mrcmp,0.7016917390350745,119.04944545900943,PA,2017,5.0
frc2607,2017mrcmp,0.7353051681068515,124.7523201949635,PA,2017,5.0
frc225,2017mrcmp,0.7577965619657047,128.568223700082,PA,2017,5.0
frc222,2017mrcmp,0.70709356708682,119.965922878153,PA,2017,5.0
frc203,2017mrcmp,0.7665307777069877,130.050076033058,PA,2017,5.0
frc1923,2017mrcmp,0.7874236531893342,133.5947739421966,PA,2017,5.0
frc1676,2017mrcmp,0.7233404938073027,122.72238630630508,PA,2017,5.0
frc1732,2017mosl,0.7235649983943379,122.76047589052378,MO,2017,1.0
frc6542,2017mokc,0.7054335757009011,119.68428773416208,MO,2017,2.0
frc5801,2017mokc,0.7295532839764247,123.77645204948207,MO,2017,2.0
frc2640,2017ncash,0.7127523184069486,120.92599005462873,NC,2017,2.0
frc1285,2017oncmp,0.7144374172961484,121.21188495283388,ON,2017,6.0
frc587,2017ncash,0.7019272529966156,119.08940290037518,NC,2017,2.0
frc587,2017nccmp,0.7335946251530473,124.4621084413461,NC,2017,4.0
frc131,2017nhbed,0.7156724867428719,121.4214275832459,NH,2017,3.0
frc999,2017necmp,0.7032616473631605,119.31579705684516,NH,2017,5.0
frc78,2017necmp,0.7811812838347326,132.53568977649508,NH,2017,5.0
frc6329,2017necmp,0.7099124295880339,120.44417279749248,NH,2017,5.0
frc5687,2017necmp,0.7288413373274698,123.65566274979469,NH,2017,5.0
frc230,2017necmp,0.8093754314337802,137.3191259353299,NH,2017,5.0
frc2168,2017necmp,0.736201088329565,124.90432256260748,NH,2017,5.0
frc213,2017necmp,0.7031262370495339,119.29282326101732,NH,2017,5.0
frc195,2017necmp,0.7761405966938725,131.68048374303518,NH,2017,5.0
frc1153,2017necmp,0.7157750128079978,121.43882221755516,NH,2017,5.0
frc1058,2017necmp,0.7168845358750744,121.6270645731529,NH,2017,5.0
frc5190,2017ncral,0.7417731899346504,125.84968869594528,NC,2017,3.0
frc3196,2017ncral,0.7441073550937839,126.2457045706465,NC,2017,3.0
frc1533,2017ncgre,0.775763133732203,131.6164431483292,NC,2017,1.0
frc900,2017nccmp,0.7361049314535144,124.88800852877456,NC,2017,4.0
frc4561,2017nccmp,0.7755634188890681,131.58255940707576,NC,2017,4.0
frc2056,2017oncmp,0.8752641365519439,148.49784355443174,ON,2017,6.0
frc2386,2017oncmp,0.7730994428355753,131.16451973741118,ON,2017,6.0
frc4939,2017oncmp,0.7727108198259357,131.09858572220696,ON,2017,6.0
frc231,2017txsa,0.7747619802789871,131.44658684705848,TX,2017,5.0
frc2481,2017txlu,0.7575201866396777,128.52133369486788,TX,2017,0.0
frc3847,2017txho,0.7213924064638526,122.39187262765986,TX,2017,2.0
frc118,2017txho,0.8667043362826001,147.04558265606832,TX,2017,2.0
frc4206,2017txda,0.7009259778036041,118.91952594465698,TX,2017,1.0
frc148,2017txda,0.7543785224605215,127.98831704732788,TX,2017,1.0
frc3824,2017tnkn,0.7009348338553074,118.92102846775308,TN,2017,3.0
frc2641,2017tnkn,0.7066626023926588,119.89280514710651,TN,2017,3.0
frc4020,2017scmb,0.7138765051160062,121.11672025260674,SC,2017,0.0
frc3824,2017scmb,0.7540868290902389,127.93882817344723,SC,2017,0.0
frc1876,2017scmb,0.7630434330586703,129.45841102774162,SC,2017,0.0
frc2168,2017ripro,0.8190015267040648,138.95229508940724,RI,2017,3.0
frc5865,2017qcmo,0.7245534585160266,122.92817863347928,QC,2017,3.0
frc3550,2017qcmo,0.786351715000192,133.41290825975435,QC,2017,3.0
frc3117,2017qcmo,0.7810293278610644,132.50990883396287,QC,2017,3.0
frc5410,2017txsa,0.7164308593262808,121.55009353509293,TX,2017,5.0
frc948,2017pncmp,0.7334423250132683,124.43626910738308,WA,2017,5.0
frc2848,2017txwa,0.8800909931220242,149.31677096373605,TX,2017,4.0
frc1255,2017txwo,0.7251335919390806,123.02660442142113,TX,2017,4.0
frc93,2017wimi,0.7297259707050933,123.80575018446424,WI,2017,3.0
frc1732,2017wimi,0.7168401323381055,121.61953104217557,WI,2017,3.0
frc5914,2017wila,0.7134463037640753,121.0437320306654,WI,2017,6.0
frc2830,2017wila,0.7276519706612148,123.45387408079908,WI,2017,6.0
frc1986,2017wila,0.9906696102856939,168.07760612913472,WI,2017,6.0
frc1091,2017wila,0.7110334664369619,120.63436858829304,WI,2017,6.0
frc5803,2017wamou,0.7877551479145851,133.65101553806886,WA,2017,2.0
frc3238,2017wamou,0.8081768775413468,137.1157785559762,WA,2017,2.0
frc948,2017waahs,0.716639043847675,121.58541424708991,WA,2017,4.0
frc2907,2017waahs,0.7037947188801643,119.40623829330116,WA,2017,4.0
frc384,2017vagle,0.7018543004605313,119.0770257289158,VA,2017,3.0
frc1885,2017vagle,0.7194804799749089,122.0674940214928,VA,2017,3.0
frc987,2017utwv,0.796255865295416,135.0932523977807,UT,2017,1.0
frc5892,2017txwo,0.7148627081129368,121.28404005040863,TX,2017,4.0
frc2992,2017txwo,0.7715775084526008,130.90630742816086,TX,2017,4.0
frc6133,2017txwa,0.7280778987097682,123.52613729150106,TX,2017,4.0
frc3528,2017mokc,0.8134690682830189,138.01365484268544,MO,2017,2.0
frc5588,2017pncmp,0.7008759861948358,118.91104433803346,WA,2017,5.0
frc3674,2017pncmp,0.737500187399678,125.12472849770649,WA,2017,5.0
frc4525,2017onosh,0.764562788309551,129.71618575987873,ON,2017,0.0
frc2609,2017onosh,0.7521983724134192,127.61843146982078,ON,2017,0.0
frc6336,2017onnob,0.7607965215048453,129.07719865256652,ON,2017,5.0
frc5024,2017onlon,0.7075175269147091,120.03785215934492,ON,2017,4.0
frc2200,2017onlon,0.7048846383187056,119.59115468540772,ON,2017,4.0
frc4976,2017onham,0.8241496472645043,139.82572834190535,ON,2017,5.0
frc4039,2017onham,0.7462671697170981,126.61214002783656,ON,2017,5.0
frc2056,2017onham,0.8071086877537803,136.93454882961566,ON,2017,5.0
frc854,2017oncmp,0.7092869393922887,120.33805175202328,ON,2017,6.0
frc6387,2017oncmp,0.7288073502205198,123.64989647664358,ON,2017,6.0
frc610,2017oncmp,0.8327511027661563,141.2850564922127,ON,2017,6.0
frc6009,2017oncmp,0.7403997022109058,125.61666193681398,ON,2017,6.0
frc5428,2017oncmp,0.7527711846186405,127.71561513551066,ON,2017,6.0
frc5406,2017oncmp,0.7771211491847784,131.8468448725624,ON,2017,6.0
frc5024,2017oncmp,0.7198383807049576,122.12821567613317,ON,2017,6.0
frc2609,2017onto1,0.8351203311757699,141.68702121922817,ON,2017,1.0
frc4061,2017pncmp,0.7038576108133563,119.41690857678012,WA,2017,5.0
frc610,2017onto1,0.7233417034547678,122.7225915358267,ON,2017,1.0
frc4039,2017onto2,0.7682579681213538,130.34311220491767,ON,2017,2.0
frc3663,2017pncmp,0.8067294535651485,136.87020772747044,WA,2017,5.0
frc3238,2017pncmp,0.8228078100826782,139.59807143288666,WA,2017,5.0
frc2046,2017pncmp,0.7719169297390786,130.96389384921198,WA,2017,5.0
frc1778,2017pncmp,0.7607095084062517,129.06243595755535,WA,2017,5.0
frc3929,2017pawch,0.7255268215233189,123.09331999086196,PA,2017,1.0
frc708,2017pahat,0.7874866265591822,133.60545804226797,PA,2017,0.0
frc2252,2017paca,0.8188184243142397,138.9212298270445,PA,2017,2.0
frc3674,2017orore,0.7970910691957247,135.23495359738965,OR,2017,3.0
frc2811,2017orore,0.7023670238034252,119.16401468182744,OR,2017,3.0
frc33,2017onwin,0.8134522552238963,138.01080232889103,ON,2017,4.0
frc1241,2017onwin,0.8252425990425118,140.01115920256242,ON,2017,4.0
frc4917,2017onwat,0.748732795025261,127.03045951104744,ON,2017,3.0
frc3683,2017onwat,0.7073182168141201,120.00403708695696,ON,2017,3.0
frc2056,2017onwat,0.7624205275740848,129.35272850593333,ON,2017,3.0
frc4939,2017onto2,0.745506555716696,126.48309379582484,ON,2017,2.0
frc1305,2017onto2,0.783665312162083,132.957131527088,ON,2017,2.0
frc1986,2017mokc,0.791348454209892,134.26065806059438,MO,2017,2.0
frc610,2017onwin,0.7060550700291489,119.7897308383314,ON,2017,4.0
frc5801,2017mnmi2,0.7399213008375812,125.53549607004828,MN,2017,5.0
frc144,2017ilch,0.7665594006364047,130.05493221659975,IL,2017,4.0
frc701,2017idbo,0.7356405419338135,124.80921992158162,ID,2017,4.0
frc5499,2017idbo,0.7033695481203432,119.3341035646642,ID,2017,4.0
frc3230,2017idbo,0.788061210622506,133.70294232247676,ID,2017,4.0
frc876,2017iacf,0.8770812498110837,148.80613609060194,IA,2017,3.0
frc3528,2017iacf,0.741658343248852,125.83020373767016,IA,2017,3.0
frc2512,2017iacf,0.7397720207661036,125.51016912270252,IA,2017,3.0
frc4253,2017hiho,0.720507438757823,122.2417284706304,HI,2017,4.0
frc1661,2017hiho,0.8714058471910735,147.8432438445026,HI,2017,4.0
frc4941,2017gacmp,0.7410587254030913,125.72847221077016,GA,2017,5.0
frc3635,2017gacmp,0.810430683154415,137.49816058141823,GA,2017,5.0
frc2974,2017gacmp,0.8175976048106277,138.71410485061196,GA,2017,5.0
frc2974,2017gaalb,0.7294484522354456,123.75866623281104,GA,2017,3.0
frc386,2017flwp,0.7046389709738821,119.54947461488436,FL,2017,0.0
frc4592,2017flor,0.7548029969281357,128.06033364260728,FL,2017,1.0
frc1511,2017ilch,0.806575446479241,136.84407879199335,IL,2017,4.0
frc3653,2017flor,0.7104087895582855,120.52838553069034,FL,2017,1.0
frc1986,2017ilch,0.9097237855764769,154.34428848012536,IL,2017,4.0
frc2481,2017ilpe,0.8094353138754038,137.32928562664654,IL,2017,2.0
frc5291,2017isde2,0.737493818779461,125.12364799374298,Haifa District,2017,1.0
frc2230,2017isde1,0.7163624242172888,121.53848279305024,Haifa District,2017,0.0
frc1937,2017iscmp,0.7078062866496124,120.08684331087022,Tel Aviv District,2017,3.0
frc1690,2017iscmp,0.7487814299713423,127.03871094545777,Tel Aviv District,2017,3.0
frc1574,2017iscmp,0.9068667605671016,153.8595638865362,Tel Aviv District,2017,3.0
frc71,2017inpmh,0.7567966309957038,128.398574806054,IN,2017,3.0
frc5188,2017inpmh,0.7023790650879129,119.16605761344704,IN,2017,3.0
frc71,2017inmis,0.7028827646243158,119.25151558188368,IN,2017,1.0
frc1501,2017inmis,0.7017494199920952,119.05923164511488,IN,2017,1.0
frc868,2017incmp,0.7066731790272052,119.89459958532991,IN,2017,5.0
frc71,2017incmp,0.7844551278447605,133.09113213420198,IN,2017,5.0
frc4485,2017incmp,0.720409565164221,122.22512317745792,IN,2017,5.0
frc234,2017incmp,0.7352208267976761,124.73801079736332,IN,2017,5.0
frc135,2017incmp,0.7428227997836215,126.02776613866988,IN,2017,5.0
frc1018,2017incmp,0.7899931300917228,134.03071294978668,IN,2017,5.0
frc3620,2017ilch,0.7684475083159815,130.3752697091426,IL,2017,4.0
frc1657,2017isde3,0.7064760444083286,119.86115360648697,Tel Aviv District,2017,1.0
frc180,2017flor,0.8191673519159014,138.9804290952877,FL,2017,1.0
frc3464,2017ctwat,0.7319151544881278,124.17716843108136,CT,2017,0.0
frc4322,2017cair,0.7149312683214756,121.2956720169162,CA,2017,4.0
frc3309,2017cair,0.8845449594883269,150.07243359520805,CA,2017,4.0
frc5458,2017cada,0.7065718052210754,119.87740044397988,CA,2017,3.0
frc1678,2017cada,0.8230238747825278,139.6347291007334,CA,2017,3.0
frc498,2017azpx,0.7375848853125174,125.1390983969003,AZ,2017,5.0
frc4565,2017azpx,0.7061539300042472,119.806503481586,AZ,2017,5.0
frc3255,2017azpx,0.7910823841265137,134.2155164490899,AZ,2017,5.0
frc4613,2017ausc,0.7677992279307527,130.2652820663216,NSW,2017,1.0
frc5437,2017arli,0.7016865183569848,119.04855971560256,AR,2017,1.0
frc3310,2017arli,0.7774316913173556,131.89953163887066,AR,2017,1.0
frc4451,2017alhu,0.7154195773756059,121.37851882680847,AL,2017,3.0
frc180,2017alhu,0.7528243859188367,127.72464130032596,AL,2017,3.0
frc5015,2017abca,0.7776076526303003,131.92938534180453,AB,2017,5.0
frc216,2017abca,0.7251680358568721,123.03244819737628,AB,2017,5.0
frc1810,2017mokc,0.7527274803510854,127.7082002430056,MO,2017,2.0
frc5802,2017cair,0.7061284373744064,119.80217838656635,CA,2017,4.0
frc1065,2017flor,0.799986049178202,135.7261176547046,FL,2017,1.0
frc597,2017cair,0.7198726532335474,122.13403037409256,CA,2017,4.0
frc1072,2017cama,0.7325644452519491,124.28732749534636,CA,2017,1.0
frc195,2017cthar,0.9393801879350892,159.3758116671549,CT,2017,4.0
frc4499,2017code,0.7005253292202868,118.85155166333873,CO,2017,3.0
frc3005,2017code,0.7954815434924759,134.96188049168757,CO,2017,3.0
frc1619,2017code,0.8922181898119099,151.37427849957874,CO,2017,3.0
frc1731,2017chcmp,0.7148361678215063,121.27953720848907,VA,2017,5.0
frc971,2017casj,0.8812243979705057,149.50906511683215,CA,2017,4.0
frc254,2017casj,1.0699502017792166,181.52839930213852,CA,2017,4.0
frc2473,2017casj,0.8377106441569904,142.12649528857324,CA,2017,4.0
frc1868,2017casj,0.7218174250648025,122.46398154093056,CA,2017,4.0
frc971,2017casf,0.7202916184677991,122.2051122695027,CA,2017,2.0
frc604,2017casf,0.7250420245694794,123.01106904603228,CA,2017,2.0
frc3256,2017casf,0.8919631263395652,151.33100427636893,CA,2017,2.0
frc254,2017casf,0.8655155364165299,146.8438901507354,CA,2017,2.0
frc1538,2017casd,0.7540060419506162,127.9251217784061,CA,2017,1.0
frc973,2017cama,0.7205420160384716,122.24759487300868,CA,2017,1.0
frc3309,2017calb,0.7329466152322147,124.35216668567838,CA,2017,3.0
frc4320,2017isde3,0.7093147127938121,120.34276380414806,Tel Aviv District,2017,1.0
frc4188,2017gaalb,0.7462621698309361,126.61129174412189,GA,2017,3.0
frc283,2017lake,0.7850730705355733,133.19597266541285,LA,2017,3.0
frc2960,2017mitry,0.7045149942179281,119.52844064337656,MI,2017,4.0
frc226,2017mitry,0.784298203469249,133.0645082496037,MI,2017,4.0
frc33,2017misou,0.7860916412695992,133.36878399309546,MI,2017,0.0
frc74,2017mishe,0.8558066031185094,145.19666664669742,MI,2017,5.0
frc4970,2017mishe,0.809987984182838,137.42305200575794,MI,2017,5.0
frc3770,2017mimid,0.701738929338654,119.05745179449788,MI,2017,3.0
frc68,2017mimar,0.7282888678569029,123.56193044478783,MI,2017,5.0
frc217,2017mimar,0.7356463714354374,124.81020895835806,MI,2017,5.0
frc1684,2017mimar,0.7627318179746294,129.40554222383815,MI,2017,5.0
frc3452,2017milsu,0.718643263900313,121.92545143517552,MI,2017,4.0
frc5205,2017milak,0.731573552598615,124.11921204759854,MI,2017,0.0
frc2054,2017miken,0.7710882663419711,130.82330231533774,MI,2017,4.0
frc494,2017mike2,0.7811504069187298,132.5304511802239,MI,2017,1.0
frc3770,2017mike2,0.7717846381896729,130.9414491848109,MI,2017,1.0
frc51,2017mihow,0.7000491604529596,118.77076458185884,MI,2017,4.0
frc469,2017mitry,0.8047079514856349,136.5272384602374,MI,2017,4.0
frc5436,2017mitry,0.7162773717453214,121.52405273914,MI,2017,4.0
frc2137,2017miwat,0.7369284068411781,125.0277198618242,MI,2017,2.0
frc33,2017miwat,0.7994087463741756,135.62817211130147,MI,2017,2.0
frc5464,2017mnmi2,0.7731033058232509,131.16517513424003,MN,2017,5.0
frc3928,2017mnmi2,0.8075390683825383,137.00756746777208,MN,2017,5.0
frc3130,2017mnmi2,0.7651243637775859,129.81146299393149,MN,2017,5.0
frc5614,2017isde4,0.7863412829871721,133.41113835810674,Tel Aviv District,2017,2.0
frc2491,2017mnmi2,0.7636685485024293,129.56446849256187,MN,2017,5.0
frc2169,2017mnmi2,0.7637035419523611,129.57040550247282,MN,2017,5.0
frc1806,2017mnmi2,0.7706666905594263,130.75177751272295,MN,2017,5.0
frc470,2017mihow,0.7052643438619555,119.65557575786292,MI,2017,4.0
frc1710,2017mnmi2,0.7261201665988222,123.19398727576063,MN,2017,5.0
frc4536,2017mnmi,0.8055008781943405,136.6617668859117,MN,2017,5.0
frc3007,2017mnmi,0.7221228552281228,122.51580100743838,MN,2017,5.0
frc4623,2017mndu2,0.757904837829393,128.586593848698,MN,2017,0.0
frc3293,2017mndu,0.7995848538717928,135.65805061601543,MN,2017,0.0
frc5927,2017miwmi,0.8197416449060929,139.07786399185255,MI,2017,3.0
frc2054,2017miwmi,0.7482075928912079,126.94135339886932,MI,2017,3.0
frc1918,2017miwmi,0.7631352112746217,129.47398217544995,MI,2017,3.0
frc5172,2017mnmi,0.8120588000947092,137.77438788765812,MN,2017,5.0
frc3538,2017migay,0.8857801122100579,150.2819903541083,MI,2017,2.0
frc2574,2017mnmi2,0.795504487405704,134.96577316990297,MN,2017,5.0
frc503,2017micmp4,0.7331082164341847,124.37958404348636,MI,2017,6.0
frc217,2017micmp1,0.7093364941427944,120.34645924100936,MI,2017,6.0
frc469,2017micen,0.7255691525668858,123.1005019013534,MI,2017,1.0
frc2611,2017miann,0.7242573169097464,122.87793506918496,MI,2017,1.0
frc1023,2017miann,0.7231254386285636,122.6858999144214,MI,2017,1.0
frc348,2017melew,0.7070329680349262,119.95564160630389,ME,2017,4.0
frc4242,2017mdbet,0.7506866808793919,127.36195696852694,MD,2017,1.0
frc4761,2017marea,0.7346386026749673,124.6392303000517,MA,2017,2.0
frc2084,2017marea,0.85094252918986,144.37142491779574,MA,2017,2.0
frc78,2017mabri,0.7828688677508814,132.82200628587756,MA,2017,1.0
frc348,2017mabri,0.7572984635473861,128.48371602073212,MA,2017,1.0
frc6763,2017mabos,0.7805315452173684,132.42545472912673,MA,2017,2.0
frc5687,2017mabos,0.7962965752311304,135.100159270132,MA,2017,2.0
frc3937,2017lake,0.7495055365365638,127.1615633039042,LA,2017,3.0
frc6075,2017micmp4,0.7025237723474081,119.1906087347421,MI,2017,6.0
frc3616,2017lake,0.7566208942355279,128.36875920087888,LA,2017,3.0
frc6117,2017micmp1,0.7367782672471118,125.00224708735544,MI,2017,6.0
frc862,2017micmp1,0.7237809934478119,122.79712174212428,MI,2017,6.0
frc4592,2017lake,0.7499518915115828,127.2372921593229,LA,2017,3.0
frc2611,2017micmp2,0.747773213326462,126.86765629881106,MI,2017,6.0
frc2474,2017micmp2,0.7083514164004169,120.1793303545765,MI,2017,6.0
frc3620,2017micmp4,0.7349117737245086,124.68557666577642,MI,2017,6.0
frc3546,2017micmp4,0.714596056562908,121.23879978692004,MI,2017,6.0
frc3539,2017micmp4,0.7332184037245145,124.39827848590411,MI,2017,6.0
frc3452,2017micmp4,0.7532739423329475,127.80091331384008,MI,2017,6.0
frc2767,2017micmp4,0.7324143956832653,124.26186999463852,MI,2017,6.0
frc5053,2017micmp3,0.7489969896817651,127.07528293649248,MI,2017,6.0
frc27,2017micmp4,0.7289599379351202,123.67578460072497,MI,2017,6.0
frc2337,2017micmp3,0.8614433982186962,146.15300871759896,MI,2017,6.0
frc107,2017micmp3,0.7158551025216063,121.45241028687626,MI,2017,6.0
frc4967,2017micmp2,0.7558047273699782,128.23028783611787,MI,2017,6.0
frc494,2017micmp2,0.7739837896274577,131.31455854977034,MI,2017,6.0
frc33,2017micmp2,0.8396791637042004,142.46047550728414,MI,2017,6.0
frc2960,2017micmp2,0.7282126942131782,123.54900677825516,MI,2017,6.0
frc4003,2017micmp3,0.720687928634986,122.2723504925125,MI,2017,6.0
frc1796,2018nysu,0.7242098333576729,207.8840065074018,NY,2018,3.0
frc2791,2018nytr,0.7635021923841852,219.1628550445557,NY,2018,2.0
frc2590,2018nysu,0.9091590947089835,260.9735831457603,NY,2018,3.0
frc694,2018nysu,0.7916950689624982,227.25560367639295,NY,2018,3.0
frc1806,2018okok,0.7402042300101721,212.47518865467316,OK,2018,4.0
frc4476,2018onnob,0.7694287734363477,220.86407664810983,ON,2018,4.0
frc2056,2018oncmp1,0.7495031215705215,215.14443000518185,ON,2018,6.0
frc1114,2018oncmp2,0.7755342433638167,222.61664819805432,ON,2018,6.0
frc1241,2018onham,0.7481244039416717,214.7486699211205,ON,2018,5.0
frc2056,2018onham,0.8293869966206673,238.07504933103036,ON,2018,5.0
frc1305,2018onnob,0.7872086905732569,225.9677913997498,ON,2018,4.0
frc4917,2018onnob,0.7370566007682745,211.5716635329943,ON,2018,4.0
frc1360,2018onbar,0.733213320941192,210.46845232019044,ON,2018,0.0
frc694,2018nyny,0.7954560473737603,228.33519031621543,NY,2018,5.0
frc1923,2018njbri,0.7370584587875751,211.5721968763412,NJ,2018,2.0
frc1796,2018nyny,0.8107526786277164,232.7260793164318,NY,2018,5.0
frc2059,2018ncash,0.7015677313424862,201.3846044475824,NC,2018,3.0
frc1325,2018onnyo,0.7852476413310546,225.40487336874597,ON,2018,3.0
frc4635,2018mxto,0.7255790898474677,208.27705077706477,Coah.,2018,3.0
frc5190,2018ncash,0.7425365517161427,213.14468022792815,NC,2018,3.0
frc5190,2018ncgre,0.7691469550887251,220.78318085725945,NC,2018,1.0
frc2059,2018ncpem,0.7505609336985107,215.4480743540565,NC,2018,2.0
frc2642,2018ncpem,0.9332806150322901,267.8976513603687,NC,2018,2.0
frc195,2018necmp,0.7135842641360978,204.8339431149156,MA,2018,6.0
frc1519,2018nhdur,0.7515269473190163,215.7253679953764,NH,2018,4.0
frc319,2018nhdur,0.8307267395196097,238.45962174180627,NH,2018,4.0
frc238,2018nhgrs,0.7385468322135945,211.9994335924536,NH,2018,0.0
frc56,2018njbri,0.7337604683157303,210.62551065208532,NJ,2018,2.0
frc225,2018njski,0.7022017773342194,201.566606976408,NJ,2018,3.0
frc1796,2018nyli2,0.7597321825743771,218.08067594709507,NY,2018,6.0
frc870,2018nyli2,0.8357744580441487,239.90856637396865,NY,2018,6.0
frc333,2018nyny,0.7060612503878233,202.674466445356,NY,2018,5.0
frc4476,2018onosh,0.7278051483050866,208.9160395474105,ON,2018,0.0
frc6429,2018tuis,0.7863185124325425,225.71226628827893,Istanbul,2018,1.0
frc1114,2018onto1,0.7224319301383065,207.3736604344816,ON,2018,2.0
frc1477,2018txho,0.7672443730698747,220.237045808314,TX,2018,2.0
frc1619,2018txlu,0.8710299465690274,250.02863360910635,TX,2018,1.0
frc6672,2018txlu,0.7004543175867097,201.06499968416995,TX,2018,1.0
frc118,2018txpa,0.7198726845910383,206.6390305061144,TX,2018,5.0
frc624,2018txpa,0.7314698569416277,209.9679920050488,TX,2018,5.0
frc3847,2018txsa,0.7362347285547647,211.3357455977332,TX,2018,5.0
frc624,2018txel,0.7781324120453579,223.3624509892104,TX,2018,4.0
frc1678,2018utwv,0.7517072778904078,215.77713177977964,UT,2018,0.0
frc225,2018vagdc,0.7531761452128426,216.1987692803364,VA,2018,1.0
frc2910,2018wasno,0.7300676084045732,209.565477387634,WA,2018,3.0
frc2811,2018wayak,0.7442214441494495,213.6283276094417,WA,2018,2.0
frc1986,2018wila,0.8208038522372405,235.6112627864792,WI,2018,5.0
frc2481,2018wimi,0.8018313728584862,230.16522374507528,WI,2018,3.0
frc3478,2018mxmo,0.7883838462717644,226.30511915149145,N.L.,2018,0.0
frc1731,2018vagdc,0.7494986005952212,215.14313226188224,VA,2018,1.0
frc610,2018onosh,0.9503948101699894,272.8102710038765,ON,2018,0.0
frc3005,2018txda,0.7533620778829225,216.2521411438716,TX,2018,0.0
frc118,2018txda,0.7776928217759547,223.23626686105308,TX,2018,0.0
frc1241,2018onwat,0.7571565073322445,217.34132988448505,ON,2018,3.0
frc2056,2018onwat,0.8423295497519525,241.7902015913804,ON,2018,3.0
frc610,2018onwin,0.9006727136188082,258.5375724475971,ON,2018,4.0
frc772,2018onwin,0.7658514811264439,219.83721699559297,ON,2018,4.0
frc865,2018onwin,0.735366029448251,211.0863860303904,ON,2018,4.0
frc2471,2018orlak,0.7265265710697515,208.5490247043804,OR,2018,4.0
frc148,2018txda,1.0850313905567845,311.4576221776347,TX,2018,0.0
frc2046,2018orore,0.8179012302333507,234.7780668482971,OR,2018,0.0
frc1425,2018orwil,0.7231667828838679,207.58459948267432,OR,2018,1.0
frc2590,2018pahat,0.7826368367549423,224.6554434514888,PA,2018,4.0
frc225,2018paphi,0.7892061772459692,226.5411687737401,PA,2018,2.0
frc2046,2018pncmp,0.7414320411654494,212.82763112429572,OR,2018,5.0
frc3990,2018qcmo,0.7003545439968154,201.0363597339021,QC,2018,0.0
frc6803,2018shmi,0.7046880874072575,202.28030081981595,Shanghai Shi,2018,2.0
frc4513,2018orore,0.7951094846268897,228.23570968365948,OR,2018,0.0
frc2590,2018mrcmp,0.7824703443945776,224.60765191741777,PA,2018,5.0
frc179,2018flor,0.8199043337804327,235.35305654277,FL,2018,1.0
frc1723,2018mokc,0.8140205609488699,233.6641230137487,MO,2018,2.0
frc6705,2018gadal,0.844657906212276,242.45855494320568,GA,2018,1.0
frc4910,2018gadal,0.8101973456561418,232.5666713137244,GA,2018,1.0
frc4910,2018gacol,0.8911651834140573,255.8084414969854,GA,2018,3.0
frc59,2018flor,0.7316847298991176,210.0296711610553,FL,2018,1.0
frc230,2018ctwat,0.8336362319745619,239.29478983892295,CT,2018,1.0
frc95,2018ctsct,0.7883667669958131,226.30021655537985,CT,2018,2.0
frc230,2018ctsct,0.856762302768016,245.93311485175485,CT,2018,2.0
frc195,2018cthar,0.7974640330465341,228.9115814219953,CT,2018,5.0
frc1619,2018code,0.7337726696159258,210.62901302812665,CO,2018,3.0
frc148,2018code,0.7529405117698942,216.13113083919544,CO,2018,3.0
frc118,2018code,0.7548120590080236,216.6683573725972,CO,2018,3.0
frc5199,2018cave,0.7018339637822796,201.46102631276185,CA,2018,4.0
frc604,2018casj,0.7001403502633777,200.9748755487601,CA,2018,4.0
frc254,2018casj,0.7771802875721918,223.0891442194613,CA,2018,4.0
frc3309,2018cair,0.8663071811168868,248.6729665651588,CA,2018,3.0
frc1678,2018cafr,0.74476717595274,213.78497960244292,CA,2018,5.0
frc1538,2018cafr,0.7229959439859257,207.53556027754937,CA,2018,5.0
frc25,2018mrcmp,0.7008996307424593,201.1928265634854,PA,2018,5.0
frc2122,2018abca,0.7371363763217293,211.59456305866996,AB,2018,5.0
frc364,2018arli,0.7633252694427045,219.11206941831315,AR,2018,1.0
frc4253,2018ausc,0.7108429460001399,204.04704935710484,NSW,2018,1.0
frc4613,2018ausc,0.7905552790483646,226.928427652245,NSW,2018,1.0
frc4613,2018ausp,0.7256371056491983,208.2937041788124,NSW,2018,2.0
frc4253,2018hiho,0.7171520549884061,205.85807537962071,HI,2018,3.0
frc5584,2018ausp,0.7755519824066499,222.62174017986112,NSW,2018,2.0
frc254,2018azfl,0.8094782817804316,232.3602644513316,AZ,2018,1.0
frc2403,2018azpx,0.7075955633161851,203.1148900685829,AZ,2018,5.0
frc1241,2018bcvi,0.7072121989420284,203.0048455505702,BC,2018,2.0
frc1323,2018cada,0.7852682728387308,225.4107956308839,CA,2018,3.0
frc1678,2018cada,0.9326456090336156,267.7153732621155,CA,2018,3.0
frc1323,2018cafr,0.9645737992732256,276.88034148240007,CA,2018,5.0
frc5985,2018ausp,0.7715747533403233,221.48007891675408,NSW,2018,2.0
frc2122,2018idbo,0.7870529766423336,225.92309380750743,ID,2018,4.0
frc1538,2018casd,0.732402331555671,210.2356582942996,CA,2018,1.0
frc2338,2018ilch,0.7252316070634783,208.17730604839525,IL,2018,5.0
frc3357,2018mifor,0.7675234054613627,220.3171418920953,MI,2018,5.0
frc4003,2018mike2,0.7021642649769906,201.55583907633945,MI,2018,1.0
frc2767,2018miken,0.8772935069142864,251.8265849204499,MI,2018,4.0
frc3656,2018milak,0.7289056388928017,209.23193472303555,MI,2018,5.0
frc3357,2018milan,0.725755646870149,208.3277313665313,MI,2018,3.0
frc494,2018milan,0.701981905067452,201.5034927716152,MI,2018,3.0
frc245,2018miesc,0.7451893828305078,213.9061738382605,MI,2018,2.0
frc217,2018mimar,0.794006230366567,227.9190211974387,MI,2018,5.0
frc1506,2018mishe,0.715965128307665,205.5173687743555,MI,2018,4.0
frc2767,2018misjo,0.7209936114804474,206.9607919101151,MI,2018,1.0
frc67,2018mitry,0.8299154893768949,238.22675286571635,MI,2018,4.0
frc1918,2018mitvc,0.7296527142207164,209.44638225630047,MI,2018,0.0
frc233,2018mnmi,0.7091985065059201,203.57501396795183,MN,2018,4.0
frc1706,2018ilch,0.724638153727797,208.0069556176028,IL,2018,5.0
frc3707,2018mimil,0.7801768433222745,223.9493037842132,MI,2018,2.0
frc2767,2018micmp4,0.7192277967807152,206.45391583964243,MI,2018,6.0
frc3026,2018mnmi,0.764260921859886,219.38064789408477,MN,2018,4.0
frc3316,2018isde3,0.7334577471134637,210.5386147091096,Haifa District,2018,2.0
frc269,2018ilch,0.7021813970664803,201.56075683254616,IL,2018,5.0
frc2481,2018ilpe,0.7650478341521341,219.6065306045197,IL,2018,2.0
frc3357,2018inmis,0.7101232644482842,203.84046519113795,IN,2018,1.0
frc1574,2018isde1,0.7510676169950194,215.5935174961639,Tel Aviv District,2018,1.0
frc1189,2018micen,0.7143045791707605,205.0407091217495,MI,2018,1.0
frc1421,2018lake,0.7252200262453227,208.17398178135835,LA,2018,3.0
frc364,2018lake,0.7100274513183903,203.81296208858268,LA,2018,3.0
frc88,2018mabri,0.71931154041381,206.47795440024373,MA,2018,1.0
frc238,2018marea,0.7744655968013535,222.3098938311394,MA,2018,2.0
frc319,2018marea,0.7357084721466338,211.18468400545237,MA,2018,2.0
frc1629,2018mdedg,0.7782956797265234,223.40931688101483,MD,2018,3.0
frc4472,2018mdedg,0.7227976437311432,207.4786383061029,MD,2018,3.0
frc623,2018mdoxo,0.789503952208991,226.6266449016512,MD,2018,2.0
frc125,2018mabos,0.7635323002469601,219.1714974888484,MA,2018,5.0
frc2791,2019nyut,0.8833872184030659,43.567015056800095,NY,2019,2.0
frc20,2019nytr,0.7288299838578236,35.94453963006419,NY,2019,1.0
frc2200,2019oncmp2,0.7111011268656431,35.07018536793838,ON,2019,6.0
frc1796,2019nysu,0.7250480549497785,35.75802192837228,NY,2019,3.0
frc870,2019nyro,0.7034441937434711,34.692559663521216,NY,2019,2.0
frc20,2019nysu,0.7554799603852622,37.25886691989433,NY,2019,3.0
frc1507,2019ohcl,0.7625571326699024,37.60789989780165,OH,2019,4.0
frc2056,2019oncmp2,0.9407990030240423,46.39845752383224,ON,2019,6.0
frc3641,2019ohcl,0.7387869646264327,36.43559940773502,OH,2019,4.0
frc3324,2019ohmv,0.7617754607542717,37.56934929234992,OH,2019,1.0
frc1305,2019onbar,0.8213226270459553,40.50610481288978,ON,2019,2.0
frc1114,2019oncmp1,0.860934698910919,42.45969854327189,ON,2019,6.0
frc1325,2019oncmp1,0.7489533553004839,36.93698689256912,ON,2019,6.0
frc1796,2019nyny,0.7606688655787529,37.51477407587716,NY,2019,5.0
frc3003,2019ohcl,0.7346985198337888,36.233964912545005,OH,2019,4.0
frc870,2019nyli2,0.8765526033362359,43.2299445498685,NY,2019,3.0
frc195,2019necmp,0.7889642045333551,38.91024758125672,MA,2019,6.0
frc3015,2019nyli2,0.7212715010598038,35.57176931257739,NY,2019,3.0
frc3646,2019nyli,0.7104244607699721,35.03681345428107,NY,2019,3.0
frc987,2019nvlv,0.8968160812514095,44.22930160308624,NV,2019,4.0
frc842,2019nvlv,0.7857841126328169,38.753411361729775,NV,2019,4.0
frc133,2019nhsnh,0.7816886249429116,38.55142952394227,NH,2019,2.0
frc2168,2019necmp,0.7821022561284628,38.57182904491502,MA,2019,6.0
frc133,2019necmp,0.7162415014172431,35.3236990829002,MA,2019,6.0
frc125,2019necmp,0.7312264281026414,36.06272780431183,MA,2019,6.0
frc5172,2019ndgf,0.7237820197648812,35.69558342709696,ND,2019,2.0
frc5190,2019nccmp,0.7241674181679005,35.71459055973079,NC,2019,5.0
frc303,2019mrcmp,0.7114996410179177,35.08983934493828,PA,2019,5.0
frc225,2019mrcmp,0.7001216192037863,34.52869646516131,PA,2019,5.0
frc1807,2019mrcmp,0.8259755044913136,40.73557607701541,PA,2019,5.0
frc525,2019mndu2,0.7333279903732879,36.16637294789176,MN,2019,1.0
frc340,2019nyli2,0.9311512697934943,45.92264925972909,NY,2019,3.0
frc3683,2019oncmp2,0.7512664183017019,37.05106285892005,ON,2019,6.0
frc217,2019mimar,0.7226332641099918,35.63892893417412,MI,2019,4.0
frc1325,2019onham,0.7146336478443287,35.24440273429905,ON,2019,5.0
frc930,2019wimi,0.8085852730193186,39.87792219591074,WI,2019,4.0
frc2481,2019wila,0.8183129464278759,40.357672960953934,WI,2019,5.0
frc1986,2019wila,0.8258721641711645,40.73047952457485,WI,2019,5.0
frc2910,2019wayak,0.7873611109916703,38.83118598854509,WA,2019,2.0
frc2046,2019waspo,0.7249280599261836,35.75210399692524,WA,2019,3.0
frc2910,2019wasno,0.8415536035706495,41.5038589579616,WA,2019,3.0
frc2910,2019wamou,0.7259309927558714,35.80156677924957,WA,2019,0.0
frc2046,2019waamv,0.705557819555407,34.796799758526795,WA,2019,1.0
frc2046,2019waahs,0.7531813081128832,37.14550166389468,WA,2019,4.0
frc346,2019vagle,0.7835200355990841,38.64175129221156,VA,2019,0.0
frc971,2019utwv,0.8428775057965253,41.56915135410101,UT,2019,4.0
frc3478,2019utwv,0.790233620713521,38.97285282693212,UT,2019,4.0
frc118,2019txpas,0.7682188370485971,37.88712463048416,TX,2019,4.0
frc3847,2019txgre,0.7025115053458088,34.6465612059731,TX,2019,3.0
frc3310,2019txgre,0.7812805345521034,38.53130326466379,TX,2019,3.0
frc2468,2019txgre,0.716923667730534,35.35734225706352,TX,2019,3.0
frc148,2019txdls,0.7864627084207887,38.78687844422333,TX,2019,4.0
frc2056,2019onham,1.0674383306281798,52.64407369030376,ON,2019,5.0
frc5406,2019onham,0.7273826534157705,35.8731599838032,ON,2019,5.0
frc5406,2019onto1,0.7954644629540862,39.230828240099655,ON,2019,2.0
frc2056,2019onwat,0.8977609359499061,44.27590007996969,ON,2019,3.0
frc1114,2019onwin,0.8180505913339152,40.34473409553829,ON,2019,4.0
frc4043,2019orlak,0.7785581073707891,38.39703821811515,OR,2019,4.0
frc4917,2019oncmp2,0.7008170458774963,34.562993615644416,ON,2019,6.0
frc1540,2019orwil,0.7970865748873807,39.310827784523,OR,2019,1.0
frc2607,2019paben,0.7027242109568915,34.65705145121059,PA,2019,4.0
frc5401,2019paben,0.7470680997938828,36.84400959639487,PA,2019,4.0
frc2910,2019pncmp,0.8614160437596651,42.483437576207805,WA,2019,5.0
frc4043,2019pncmp,0.7087900704432566,34.95620836232442,WA,2019,5.0
frc4020,2019tnkn,0.705681106006979,34.80288001708164,TN,2019,4.0
frc5883,2019tuis2,0.7390532955459329,36.44873435347369,İstanbul,2019,1.0
frc1807,2019paben,0.7258635484185793,35.79824054993915,PA,2019,4.0
frc1684,2019mimar,0.7010174951810927,34.57287940258584,MI,2019,4.0
frc1678,2019cada,0.7090912523016898,34.97106209157003,CA,2019,3.0
frc5460,2019miken,0.7213377993002874,35.575039018524244,MI,2019,4.0
frc148,2019ftcmp,0.8796738105189255,43.38387668460037,TX,2019,5.0
frc59,2019flwp,0.7684446287886717,37.8982602592714,FL,2019,4.0
frc180,2019flwp,0.7473643740167307,36.85862129017859,FL,2019,4.0
frc179,2019flwp,0.7717279941308188,38.060189732913656,FL,2019,4.0
frc386,2019flor,0.701428164824864,34.59313286582464,FL,2019,2.0
frc177,2019cthar,0.801668911109191,39.53682008666637,CT,2019,5.0
frc1726,2019code,0.7324296952179534,36.12207070110506,CO,2019,3.0
frc1619,2019code,0.9148189680997272,45.117170508190384,CO,2019,3.0
frc5818,2019cave,0.7374487098596155,36.36959917096325,CA,2019,4.0
frc4414,2019cave,0.7638869151170873,37.67348229552244,CA,2019,4.0
frc846,2019casj,0.7639898504604985,37.67855887526329,CA,2019,4.0
frc649,2019casj,0.7651173063468457,37.73416290320606,CA,2019,4.0
frc604,2019casj,0.7648954346180586,37.72322060208672,CA,2019,4.0
frc971,2019casf,0.8051956651847482,39.71075304008762,CA,2019,2.0
frc254,2019casf,0.776492077505874,38.29514546671756,CA,2019,2.0
frc987,2019casd,0.7894399045286422,38.933708220515975,CA,2019,1.0
frc973,2019caoc,0.7570039987329236,37.33402965743058,CA,2019,0.0
frc359,2019abca,0.7098386643293871,35.00792306305113,AB,2019,5.0
frc4627,2019abca,0.7603589651977705,37.49949036531049,AB,2019,5.0
frc364,2019alhu,0.7460478619525467,36.79369336307268,AL,2019,2.0
frc3937,2019arli,0.7168282352251347,35.35263570334277,AR,2019,1.0
frc118,2019azfl,0.7827651374866975,38.60452112095308,AZ,2019,2.0
frc2478,2019azpx,0.8441291379870652,41.6308795264753,AZ,2019,5.0
frc3310,2019ftcmp,0.7003132270878807,34.538146209732474,TX,2019,5.0
frc1678,2019caav,0.8132184948698019,40.1064240826444,CA,2019,5.0
frc3707,2019milan,0.8268318071953314,40.7778073341832,MI,2019,5.0
frc973,2019cada,0.8839245683370444,43.59351615640479,CA,2019,3.0
frc1323,2019cafr,0.8503142425855595,41.93591738479705,CA,2019,1.0
frc1678,2019cafr,0.8230493869460943,40.591265400457296,CA,2019,1.0
frc330,2019cala,0.7065211889476257,34.84431134567872,CA,2019,3.0
frc330,2019caoc,0.8746630980278424,43.13675766137186,CA,2019,0.0
frc1323,2019cada,0.9917626663477779,48.91189063800913,CA,2019,3.0
frc7521,2019ftcmp,0.71532960117598,35.278725858572564,TX,2019,5.0
frc619,2019chcmp,0.7011780151026817,34.58079594665066,VA,2019,6.0
frc4910,2019gacol,0.7106018355392552,35.04556124809454,GA,2019,3.0
frc1718,2019micmp1,0.7827637827812411,38.60445430939889,MI,2019,6.0
frc5927,2019micmp1,0.7076193375189936,34.89846999134022,MI,2019,6.0
frc910,2019micmp1,0.7939121811059922,39.15427258563754,MI,2019,6.0
frc5050,2019micmp2,0.835805888739007,41.22039234966604,MI,2019,6.0
frc1918,2019micmp3,0.8088827759498403,39.89259448727229,MI,2019,6.0
frc3667,2019micmp3,0.7002491333307109,34.53498522480368,MI,2019,6.0
frc33,2019micen,0.8516973285262788,42.004128611707365,MI,2019,2.0
frc3707,2019micmp3,0.7773711500639469,38.33849969074947,MI,2019,6.0
frc2851,2019micmp4,0.8223087635221628,40.55473923029131,MI,2019,6.0
frc3538,2019micmp4,0.8221046289922346,40.54467169483945,MI,2019,6.0
frc5460,2019micmp4,0.9259701554575642,45.66712633435496,MI,2019,6.0
frc3641,2019midet,0.848835408683332,41.86298404645724,MI,2019,2.0
frc4680,2019midet,0.7112168860052618,35.07589439346384,MI,2019,2.0
frc910,2019mifor,0.7616179217705078,37.56157976259593,MI,2019,5.0
frc1102,2019gacmp,0.7332462865894108,36.16234346918954,GA,2019,5.0
frc2075,2019mialp,0.7388048041502464,36.43647921987901,MI,2019,3.0
frc7553,2019micmp3,0.7048395044959227,34.761373795415565,MI,2019,6.0
frc33,2019mial2,0.7149314387122382,35.25908922619718,MI,2019,4.0
frc3538,2019mial2,0.8554413974080245,42.18877912729847,MI,2019,4.0
frc359,2019hiho,0.7892503889568396,38.92436166489663,HI,2019,4.0
frc368,2019hiho,0.7251689371258235,35.763983612528605,HI,2019,4.0
frc3647,2019idbo,0.7248660611487099,35.74904633249969,ID,2019,4.0
frc868,2019incmp,0.7693512717528476,37.94297420446839,IN,2019,6.0
frc1690,2019iscmp,0.7273883573276246,35.87344129013009,Tel Aviv District,2019,5.0
frc364,2019lake,0.7344525385384199,36.221833572430754,LA,2019,3.0
frc5010,2019incmp,0.7162775276487034,35.32547582964928,IN,2019,6.0
frc125,2019macma,0.7089513398843212,34.964161871296135,MA,2019,4.0
frc78,2019macma,0.7385523015416915,36.42402626072404,MA,2019,4.0
frc133,2019melew,0.8121688545837442,40.05465777541894,ME,2019,5.0
frc1519,2019melew,0.7169439485864713,35.35834247116848,ME,2019,5.0
frc5687,2019melew,0.729826232226287,35.993672747189905,ME,2019,5.0
frc5687,2019mabos,0.7180755239747685,35.41414966528769,MA,2019,3.0
frc67,2022micmp1,0.7314274186710084,59.575061120075645,MI,2022,6.0
frc870,2022nyli2,0.7117169133088473,57.96963243134543,NY,2022,3.0
frc27,2022micmp4,0.8346526983089848,67.9828021844497,MI,2022,6.0
frc27,2022mitry,0.7800604857726455,63.53624424102175,MI,2022,4.0
frc67,2022mitry,0.738548273913601,60.15505767950936,MI,2022,4.0
frc5895,2022mrcmp,0.7504451525071677,61.12406328588607,PA,2022,5.0
frc5172,2022ndgf,0.7889274599467208,64.25846289852092,ND,2022,3.0
frc176,2022necmp2,0.7146038008622858,58.20477059824021,MA,2022,6.0
frc1796,2022nyny,0.7142022263535698,58.17206219096654,NY,2022,5.0
frc2363,2022va319,0.7033861855036593,57.29109125897515,VA,2022,2.0
frc2056,2022oncmp,0.784844790445671,63.925927805018354,ON,2022,6.0
frc2910,2022pncmp,0.7227109608307479,58.865102079262535,WA,2022,5.0
frc4206,2022txcmp1,0.7016590019907839,57.15041145846658,TX,2022,5.0
frc6800,2022txcmp1,0.8296275162144827,67.57349905637797,TX,2022,5.0
frc3310,2022txcmp2,0.7711367291478228,62.80940062978488,TX,2022,5.0
frc3310,2022txirv,0.8280295003401362,67.4433400126303,TX,2022,3.0
frc2910,2022wabon,0.8114037804321915,66.08916835540593,WA,2022,4.0
frc2910,2022wayak,0.7525462699026743,61.295200153417234,WA,2022,2.0
frc2992,2022lake,0.7083795729984331,57.69780470395086,LA,2022,4.0
frc2056,2022on409,0.7517988298624798,61.23432085775303,ON,2022,5.0
frc1690,2022isde3,0.9881736679514007,80.48714768229605,Center District,2022,2.0
frc148,2022txirv,0.843264864116892,68.68426659675535,TX,2022,3.0
frc1690,2022isde1,0.70893999723787,57.74345148648232,Center District,2022,0.0
frc1577,2022isde3,0.7168002687958539,58.3836738059274,Center District,2022,2.0
frc364,2022alhu,0.7726022633891656,62.92876899057207,AL,2022,5.0
frc3647,2022caav,0.7334466555970759,59.73952879002567,CA,2022,5.0
frc1678,2022cada,0.7996850555181073,65.13467343877505,CA,2022,3.0
frc254,2022cada,1.036604927963966,84.43189353365254,CA,2022,3.0
frc1323,2022cafr,0.9752214040846332,79.43218051561796,CA,2022,4.0
frc973,2022cafr,0.8323117078244234,67.79212755612818,CA,2022,4.0
frc696,2022cala,0.7141894439587353,58.17102105970172,CA,2022,4.0
frc1323,2022camb,0.8856831261153688,72.13925131110784,CA,2022,3.0
frc973,2022cada,0.7612134090728406,62.00114216846645,CA,2022,3.0
frc1678,2022casj,0.9278146271082927,75.57087922477639,CA,2022,5.0
frc3339,2022iscmp,0.7160984406759667,58.326509619747405,Jerusalem District,2022,3.0
frc1678,2022caph,0.87668031448216,71.40596863724326,CA,2022,0.0
frc1577,2022iscmp,0.8697875956279699,70.84455387955208,Jerusalem District,2022,3.0
frc111,2022ilpe,0.7093896790668714,57.78007825458465,IL,2022,2.0
frc1771,2022gacmp,0.7318344872711182,59.60821702333078,GA,2022,5.0
frc1690,2022iscmp,0.8849568289778542,72.08009411347723,Jerusalem District,2022,3.0
frc1771,2022gacar,0.8336846338272642,67.90395293817524,GA,2022,3.0
frc1619,2022code,0.7543480298939289,61.44195423846061,CO,2022,3.0
frc254,2022casj,0.9127022395139203,74.33996910078777,CA,2022,5.0
frc4069,2023oncmp2,0.701652079277951,60.538573243666725,ON,2023,5.0
frc1732,2023ohmv,0.7371855636943088,63.60440389175094,OH,2023,2.0
frc1339,2023oktu,0.7236941871862176,62.4403673143443,OK,2023,5.0
frc5013,2023oktu,0.7393156904469322,63.78819132464032,OK,2023,5.0
frc6424,2023oktu,0.7432671309287596,64.12912178874336,OK,2023,5.0
frc4039,2023onbar,0.7015854582119627,60.53282517506974,ON,2023,0.0
frc2056,2023oncmp1,0.9629913001100144,83.08693307759707,ON,2023,5.0
frc3683,2023oncmp1,0.728208392281906,62.82985313487161,ON,2023,5.0
frc695,2023ohcl,0.7439111313023928,64.18468617020756,OH,2023,4.0
frc4678,2023oncmp2,0.795396609849387,68.62685559584355,ON,2023,5.0
frc4678,2023onwin,0.7760103311585477,66.95420659057694,ON,2023,4.0
frc4946,2023oncmp2,0.7582807615511629,65.42449852021838,ON,2023,5.0
frc1325,2023onham,0.8836252104216833,76.23922325736132,ON,2023,4.0
frc2056,2023onham,1.0193352380432623,87.94829059957388,ON,2023,4.0
frc3683,2023onlon,0.8912721107227716,76.89899816238382,ON,2023,2.0
frc2056,2023onnew,0.9938850326006013,85.7524457189567,ON,2023,0.0
frc1114,2023onwat,0.7320037572078132,63.15731739292657,ON,2023,3.0
frc3683,2023onwat,0.7744625891159467,66.82066733689908,ON,2023,3.0
frc4678,2023onwat,0.7446476878591772,64.24823630335457,ON,2023,3.0
frc4028,2023ohcl,0.7644124394773865,65.95353996997116,OH,2023,4.0
frc4907,2023onwin,0.765032721703758,66.0070579486132,ON,2023,4.0
frc4907,2023oncmp2,0.7220423760159868,62.29784897161149,ON,2023,5.0
frc694,2023nyny,0.7625215714037509,65.7903957867633,NY,2023,5.0
frc834,2023njwas,0.7118762938277826,61.42071893903884,NJ,2023,3.0
frc1796,2023nyny,0.7847696800807906,67.7099636131197,NY,2023,5.0
frc125,2023necmp1,0.7718486645510687,66.59513780681185,MA,2023,5.0
frc133,2023necmp1,0.7510452073167247,64.80021457249485,MA,2023,5.0
frc195,2023necmp1,0.826968497514101,71.35087949640405,MA,2023,5.0
frc319,2023necmp1,0.7738476275865855,66.76760842823657,MA,2023,5.0
frc6329,2023necmp1,0.714759107068332,61.66944819626617,MA,2023,5.0
frc176,2023necmp2,0.7463009661493826,64.39088122926537,MA,2023,5.0
frc177,2023necmp2,0.7297886269212773,62.966195851273454,MA,2023,5.0
frc230,2023necmp2,0.710196742932053,61.27580721153107,MA,2023,5.0
frc3467,2023necmp2,0.780357412689201,67.32927298232835,MA,2023,5.0
frc6328,2023necmp2,0.7384906903347276,63.71701027751775,MA,2023,5.0
frc95,2023necmp2,0.7170169176768906,61.86425219804039,MA,2023,5.0
frc133,2023nhdur,0.7389841927254525,63.75958968618645,NH,2023,3.0
frc6329,2023nhdur,0.7908005071356077,68.23030364511054,NH,2023,3.0
frc3467,2023nhgrs,0.7040035513352887,60.74145835949231,NH,2023,0.0
frc1923,2023njski,0.7041347136690078,60.75277505159823,NJ,2023,4.0
frc2521,2023orsal,0.7418686912761902,64.00846435205331,OR,2023,3.0
frc359,2023nvlv,0.7537504450554495,65.03362260736571,NV,2023,4.0
frc930,2023wimi,0.7239104087141968,62.45902291759127,WI,2023,3.0
frc987,2023nvlv,0.7495894511518543,64.67461186452223,NV,2023,4.0
frc2872,2023nyli,0.7604840099161196,65.6145948891384,NY,2023,2.0
frc3015,2023nyli,0.8256476970322026,71.23692077088305,NY,2023,2.0
frc870,2023nyli,0.7712935809565622,66.54724516908608,NY,2023,2.0
frc694,2023nyli2,0.7036134922036723,60.70780403991412,NY,2023,3.0
frc2601,2023nyny,0.7362148006884707,63.52064641555042,NY,2023,5.0
frc2046,2023orwil,0.79128447325652,68.27206026398703,OR,2023,1.0
frc955,2023pncmp,0.7141933253716822,61.62063252580196,WA,2023,5.0
frc930,2023paca,0.8377807979395785,72.2837652678164,PA,2023,5.0
frc118,2023txhou,0.825379582615011,71.21378784679973,TX,2023,3.0
frc3847,2023txhou,0.716766190042231,61.84261940634301,TX,2023,3.0
frc2468,2023txsan,0.7471158670823154,64.46119091874203,TX,2023,2.0
frc2687,2023txsan,0.7373738111218116,63.62064588833925,TX,2023,2.0
frc4499,2023utwv,0.7131415180372506,61.529882541252285,UT,2023,0.0
frc1727,2023vaale,0.7308570018993819,63.05837529287112,VA,2023,2.0
frc8592,2023vaale,0.7727841602577213,66.67585241883809,VA,2023,2.0
frc2363,2023vabla,0.7656845258302755,66.0632956382304,VA,2023,0.0
frc384,2023vagle,0.7289330676065405,62.89237815476952,VA,2023,3.0
frc422,2023vagle,0.7297134787102268,62.95971206021352,VA,2023,3.0
frc6672,2023txfor,0.8406050465517318,72.52744156624784,TX,2023,2.0
frc5804,2023vagle,0.7177090494799984,61.92396936142403,VA,2023,3.0
frc1318,2023waahs,0.7051946892334099,60.84422979140045,WA,2023,4.0
frc2046,2023waahs,0.9226960027421403,79.61025299194733,WA,2023,4.0
frc3663,2023waahs,0.7758175341724649,66.93757205786788,WA,2023,4.0
frc2910,2023wasam,0.7978111379129051,68.83518118674411,WA,2023,3.0
frc2910,2023wasno,0.8313471732306003,71.7286718359441,WA,2023,0.0
frc2910,2023wayak,0.8474634283979339,73.11918306319687,WA,2023,2.0
frc111,2023wila,0.839692373170504,72.44869606549501,WI,2023,4.0
frc2338,2023wila,0.8289124037964863,71.51859981866991,WI,2023,4.0
frc2481,2023wila,0.7655588500203651,66.0524523236477,WI,2023,4.0
frc7890,2023ncwak,0.750404389766009,64.74492480513643,NC,2023,2.0
frc2363,2023vapor,0.7346777141117535,63.38802651595259,VA,2023,2.0
frc1591,2023paca,0.7880210499311165,67.990491951365,PA,2023,5.0
frc3310,2023txfor,0.703033299407593,60.6577449791371,TX,2023,2.0
frc3005,2023txdal,0.8107625152961749,69.952626615154,TX,2023,0.0
frc2539,2023paphi,0.7360031520311581,63.502385359792086,PA,2023,2.0
frc341,2023paphi,0.7511109447442023,64.80588640072102,PA,2023,2.0
frc1318,2023pncmp,0.7409464509879513,63.92889341812939,WA,2023,5.0
frc2521,2023pncmp,0.7757074239728677,66.92807174484943,WA,2023,5.0
frc2910,2023pncmp,0.8687259634338994,74.95371555107242,WA,2023,5.0
frc2930,2023pncmp,0.7236743517413531,62.43865591126118,WA,2023,5.0
frc3218,2023pncmp,0.7262661471949325,62.66227614062128,WA,2023,5.0
frc6329,2023rinsc,0.7370655909486452,63.594052637810286,RI,2023,1.0
frc108,2023tnkn,0.7073068919217055,61.02647073520616,TN,2023,4.0
frc2451,2023tnkn,0.7043810381949835,60.77402794287853,TN,2023,4.0
frc3005,2023txfor,0.7914499245139692,68.28633540598854,TX,2023,2.0
frc325,2023tnkn,0.7296146917146699,62.95118871375354,TN,2023,4.0
frc3310,2023txama,0.7380836418765466,63.68189011807253,TX,2023,4.0
frc118,2023txcle,0.7478623052544051,64.52559363810606,TX,2023,4.0
frc2468,2023txcmp1,0.7387200124724275,63.73679620196599,TX,2023,5.0
frc6672,2023txcmp1,0.7367275271240342,63.56488447568026,TX,2023,5.0
frc118,2023txcmp2,0.7781180192001075,67.1360580104574,TX,2023,5.0
frc148,2023txcmp2,0.729819280599624,62.968840652032384,TX,2023,5.0
frc2687,2023txcmp2,0.7407267903372194,63.90994108721524,TX,2023,5.0
frc3005,2023txcmp2,0.7959169678519119,68.67175210791717,TX,2023,5.0
frc3310,2023txcmp2,0.7475923017442918,64.50229772299973,TX,2023,5.0
frc624,2023txcmp2,0.7810186643527461,67.38632580586906,TX,2023,5.0
frc148,2023txama,0.7080696044186797,61.0922776040598,TX,2023,4.0
frc5895,2023mrcmp,0.7123998847787404,61.46589439004997,PA,2023,5.0
frc5050,2023misal,0.7100769357778343,61.26547024482778,MI,2023,4.0
frc3314,2023mrcmp,0.7198491098631352,62.10861386840493,PA,2023,5.0
frc1868,2023casj,0.7229680551819883,62.37771661206484,CA,2023,5.0
frc254,2023casj,0.9010296078788711,77.74087545984338,CA,2023,5.0
frc4255,2023casj,0.8178603593351202,70.56502892096061,CA,2023,5.0
frc581,2023casj,0.8521516430749941,73.52368243830215,CA,2023,5.0
frc599,2023casj,0.7336405756258348,63.29854216031835,CA,2023,5.0
frc972,2023casj,0.7239427455478975,62.46181294107054,CA,2023,5.0
frc4414,2023cave,0.8280145123634416,71.44112970507717,CA,2023,1.0
frc4481,2023cave,0.7355130018768887,63.460095182236905,CA,2023,1.0
frc2363,2023chcmp,0.7065447028199009,60.960709024911495,VA,2023,5.0
frc8592,2023chcmp,0.7312244949226574,63.09008260759752,VA,2023,5.0
frc1678,2023casj,0.9028572301544389,77.89856279272362,CA,2023,5.0
frc1339,2023code,0.7186151251998316,62.00214561565231,CO,2023,3.0
frc4499,2023code,0.8670831001966384,74.81196923640233,CO,2023,3.0
frc195,2023cthar,0.8305697004586414,71.6615914498949,CT,2023,4.0
frc180,2023flta,0.73765187052043,63.64463686587141,FL,2023,3.0
frc6722,2023flta,0.7165739484193604,61.82603279039711,FL,2023,3.0
frc695,2023flwp,0.7623464614200097,65.77528728941897,FL,2023,0.0
frc2974,2023gacar,0.7257659267087265,62.61911709436957,GA,2023,3.0
frc1414,2023gacmp,0.7033518057951741,60.6852257247126,GA,2023,5.0
frc2974,2023gadal,0.7802318699489549,67.31844114900231,GA,2023,1.0
frc4613,2023hiho,0.7080390722271723,61.08964328519088,HI,2023,3.0
frc6036,2023idbo,0.9345620143798413,80.63405301457165,ID,2023,4.0
frc1619,2023code,0.8750008335313582,75.49511162785797,CO,2023,3.0
frc1756,2023ilpe,0.7133799838880335,61.5504573856803,IL,2023,2.0
frc971,2023casf,0.7083445048850815,61.11599602877695,CA,2023,2.0
frc973,2023caph,0.7185658836825866,61.99789705530964,CA,2023,0.0
frc2992,2023alhu,0.7156607996978037,61.74724627725913,AL,2023,5.0
frc3630,2023alhu,0.7176167327897458,61.91600427319936,AL,2023,5.0
frc3937,2023alhu,0.8315404165267016,71.74534487630181,AL,2023,5.0
frc4499,2023alhu,0.7312008193079179,63.08803987448332,AL,2023,5.0
frc4613,2023ausc,0.7759837010169726,66.95190894075327,NSW,2023,1.0
frc3476,2023caav,0.7496858225492294,64.68292679306145,CA,2023,4.0
frc4414,2023caav,0.7775282926880307,67.08517638023145,CA,2023,4.0
frc4415,2023caav,0.7540278623622888,65.05755818519003,CA,2023,4.0
frc7157,2023caav,0.8144757661925908,70.27300607101782,CA,2023,4.0
frc1678,2023cada,0.875322913762655,75.52290072483144,CA,2023,3.0
frc1538,2023casd,0.7309637274093451,63.06758357471435,CA,2023,3.0
frc254,2023cada,0.9867797293561361,85.1393998325593,CA,2023,3.0
frc5940,2023cafr,0.7381287431407412,63.6857814571941,CA,2023,1.0
frc1323,2023camb,0.9492645111077611,81.90258509951022,CA,2023,4.0
frc341,2023mrcmp,0.7011014062222575,60.4910611474299,PA,2023,5.0
frc4255,2023camb,0.717408390451056,61.89802848676186,CA,2023,4.0
frc5940,2023camb,0.8354810260727792,72.08534084677682,CA,2023,4.0
frc8033,2023camb,0.7971546271887396,68.77853741166822,CA,2023,4.0
frc971,2023camb,0.8787937836922745,75.82236753987992,CA,2023,4.0
frc1538,2023caoc,0.7417603907088061,63.999120174184334,CA,2023,1.0
frc7157,2023caoc,0.7651755155080984,66.01937820453219,CA,2023,1.0
frc1678,2023caph,0.8267761924363541,71.33428740556853,CA,2023,0.0
frc1323,2023cafr,0.8403718438323275,72.50732082503404,CA,2023,1.0
frc461,2023incmp,0.704733690913812,60.80445483546373,IN,2023,5.0
frc3970,2023camb,0.7181650845236849,61.96331608568986,CA,2023,4.0
frc461,2023inwla,0.7461828060404285,64.38068636970227,IN,2023,3.0
frc5460,2023mimcc,0.7072620625977797,61.02260285910332,MI,2023,4.0
frc818,2023mimcc,0.7114927528724345,61.3876270080049,MI,2023,4.0
frc3538,2023mimil,0.7093123947257941,61.19950560816005,MI,2023,0.0
frc3538,2023mimus,0.8156861400491718,70.37743718229487,MI,2023,2.0
frc302,2023mista,0.702549767813235,60.61602585123144,MI,2023,2.0
frc2337,2023mitr2,0.702117859409399,60.57876077454687,MI,2023,4.0
frc245,2023mitr2,0.7054793121397377,60.86878706867565,MI,2023,4.0
frc3538,2023mitr2,0.7658316228564631,66.07598717632568,MI,2023,4.0
frc7769,2023mitr2,0.7447312775659745,64.25544842705065,MI,2023,4.0
frc1718,2023mitry,0.7627204271577608,65.80755307024408,MI,2023,3.0
frc3175,2023mimcc,0.7413404614036647,63.96288865467879,MI,2023,4.0
frc67,2023mitry,0.7509592409122047,64.7927973872114,MI,2023,3.0
frc494,2023miwmi,0.7291874594552048,62.91432709501752,MI,2023,3.0
frc2052,2023mndu2,0.7180122976394399,61.95013362638316,MN,2023,0.0
frc1987,2023mokc,0.7796656919481403,67.26959128539679,MO,2023,4.0
frc1706,2023mose,0.7827162028046019,67.53278950053574,MO,2023,3.0
frc4522,2023mose,0.7890057239033571,68.07544966637806,MO,2023,3.0
frc1756,2023mosl,0.7109355950932617,61.33955540953199,MO,2023,1.0
frc1391,2023mrcmp,0.7254842221600785,62.59481161312742,PA,2023,5.0
frc1923,2023mrcmp,0.7091654826733589,61.18683002960853,PA,2023,5.0
frc2539,2023mrcmp,0.7906234873467998,68.21503036969838,PA,2023,5.0
frc7457,2023incmp,0.72872514303231,62.87443841306852,IN,2023,5.0
frc3357,2023miwmi,0.7357459666355672,63.48019539218849,MI,2023,3.0
frc857,2023milsu,0.7427927543162692,64.08819255308873,MI,2023,3.0
frc2987,2023mnmi2,0.729361697725461,62.9293603808828,WI,2023,3.0
frc4381,2023mila2,0.7083873967750669,61.119696742991486,MI,2023,3.0
frc1577,2023iscmp,0.7709345137203314,66.51626483164829,Jerusalem District,2023,3.0
frc9312,2023milak,0.7143712151228158,61.63598086160305,MI,2023,3.0
frc1577,2023isde1,0.7300237448932364,62.98648184056461,Center District,2023,0.0
frc1987,2023ksla,0.7569054285932373,65.30583473019087,KS,2023,2.0
frc3184,2023ksla,0.7114752218980039,61.38611443473541,KS,2023,2.0
frc176,2023mawne,0.8333332614980087,71.90003162179212,MA,2023,2.0
frc1768,2023mawor,0.7580858289781554,65.40767972897252,MA,2023,4.0
frc1731,2023mdbet,0.7541577269935403,65.06876291146816,MD,2023,1.0
frc1718,2023micmp1,0.7214850162323225,62.24975994418189,MI,2023,5.0
frc3620,2023micmp1,0.706480554818751,60.95517433246101,MI,2023,5.0
frc7211,2023micmp1,0.7022287848106252,60.58833142319888,MI,2023,5.0
frc4522,2023lake,0.787483724817942,67.94413151621451,LA,2023,4.0
frc4381,2023micmp2,0.7812736749942777,67.40832813559373,MI,2023,5.0
frc3538,2023micmp2,0.7801138120938451,67.30825511190554,MI,2023,5.0
frc2767,2023mila2,0.80948720387576,69.84259268792226,MI,2023,3.0
frc2075,2023miken,0.7280011164186415,62.8119693639822,MI,2023,4.0
frc4391,2023miken,0.7910488440311112,68.25173016372503,MI,2023,4.0
frc5712,2023micmp4,0.7573273648646575,65.34223941083802,MI,2023,5.0
frc2337,2023midet,0.8085107224171616,69.75834182335805,MI,2023,2.0
frc33,2023micmp3,0.7319873757372638,63.15590399890412,MI,2023,5.0
frc2767,2023micmp3,0.7451367504839811,64.29043264881813,MI,2023,5.0
frc2337,2023micmp3,0.7234172845348337,62.41647614101603,MI,2023,5.0
frc4391,2023micmp2,0.7609343196341031,65.65344763204273,MI,2023,5.0
frc3467,2024necmp1,0.8001561973358922,51.95366583843709,MA,2024,5.0
frc4414,2024nvlv,0.812357095137165,52.74586287372439,NV,2024,4.0
frc133,2024necmp1,0.7098876340664335,46.09258173081931,MA,2024,5.0
frc125,2024necmp1,0.8690242061920116,56.4252246803008,MA,2024,5.0
frc6328,2024necmp2,0.8742990046723224,56.76771420737513,MA,2024,5.0
frc4795,2024nccmp,0.7231219025635082,46.951874910578994,NC,2024,5.0
frc7028,2024mnmi2,0.7447897633594743,48.35875622072254,MN,2024,5.0
frc1706,2024mosl,0.8965666937679134,58.21354201214424,MO,2024,3.0
frc1706,2024mose,0.7188510277493645,46.67456954986243,MO,2024,1.0
frc27,2024mitry,0.7622880869181278,49.49491195872216,MI,2024,3.0
frc2767,2024micmp4,0.7769134316916675,50.44452689348901,MI,2024,5.0
frc5712,2024micmp2,0.7576217613534322,49.19193021604651,MI,2024,5.0
frc1796,2024nyny,0.7369779821570808,47.85154191488648,NY,2024,5.0
frc7769,2024micmp1,0.7021803281214963,45.59215094129213,MI,2024,5.0
frc1756,2024mosl,0.7835966704563445,50.878465610272784,MO,2024,3.0
frc694,2024nyny,0.7168456090903896,46.54435890946317,NY,2024,5.0
frc2910,2024pncmp,0.7763609782951584,50.40865642313696,OR,2024,5.0
frc1796,2024nytr,0.7927674831312442,51.47392102106008,NY,2024,3.0
frc6081,2024micmp1,0.7637408677327869,49.58924015268303,MI,2024,5.0
frc9128,2024txcmp1,0.7567165731880336,49.13315688701075,TX,2024,5.0
frc3005,2024txcmp1,0.8620248031395029,55.97075760441072,TX,2024,5.0
frc9483,2024tuis3,0.8121918517281683,52.735133717490136,İstanbul,2024,3.0
frc9483,2024tuis2,0.8540142033782735,55.45063412783696,İstanbul,2024,1.0
frc4613,2024tuis2,0.844729483686655,54.847782802223335,İstanbul,2024,1.0
frc1796,2024nysu,0.879436262878485,57.101273326278886,NY,2024,1.0
frc2046,2024pncmp,0.7332873852298659,47.61191365213069,OR,2024,5.0
frc2521,2024orwil,0.7011226781404484,45.52347835727373,OR,2024,3.0
frc3683,2024onwat,0.7838724984397502,50.89637495713088,ON,2024,3.0
frc2056,2024onnew,0.9457301438902087,61.405695578688665,ON,2024,1.0
frc2056,2024onham,0.9505140391829757,61.71631105385964,ON,2024,4.0
frc2056,2024oncmp1,1.0529959572292151,68.37040102077314,ON,2024,5.0
frc3173,2024nytr,0.7643948615083916,49.631703579438096,NY,2024,3.0
frc5895,2024paben,0.7177615945993464,46.60383330359226,PA,2024,3.0
frc6329,2024melew,0.87855452972719,57.04402291735426,ME,2024,2.0
frc1323,2024camb,0.9514679219894908,61.77824609697212,CA,2024,4.0
frc176,2024mawne,0.7631111061224128,49.54835010599941,MA,2024,3.0
frc359,2024casd,0.7639109576765216,49.60028399153436,CA,2024,3.0
frc5199,2024caoc,0.7078356209542455,45.95934574029438,CA,2024,4.0
frc604,2024camb,0.8198365985928292,53.23150258315463,CA,2024,4.0
frc5940,2024cafr,0.7318863526883287,47.52094544275588,CA,2024,3.0
frc1323,2024cafr,0.7550167178153305,49.0227862889936,CA,2024,3.0
frc254,2024cada,0.8361383846220033,54.28996785124764,CA,2024,2.0
frc5940,2024casf,0.7785662209164078,50.55184151452104,CA,2024,1.0
frc1678,2024cada,0.8327366632788814,54.069096108299874,CA,2024,2.0
frc254,2024cabe,0.9681279156742691,62.85996957502712,CA,2024,5.0
frc1678,2024cabe,0.9637495952933576,62.57568783758529,CA,2024,5.0
frc4613,2024ausc,0.8547079525837635,55.49567885100191,NSW,2024,2.0
frc4635,2024alhu,0.7145205245682973,46.393392554757554,AL,2024,5.0
frc2481,2024alhu,0.7842181968945348,50.91882095212604,AL,2024,5.0
frc3847,2024txcmp2,0.8200122810581947,53.24290954110817,TX,2024,5.0
frc5940,2024cabe,0.978876127096516,63.55784454800302,CA,2024,5.0
frc1678,2024casj,0.7956672318098035,51.662199977547466,CA,2024,0.0
frc4414,2024cave,0.7821318911566308,50.78335836181584,CA,2024,1.0
frc4481,2024cave,0.7368220481282564,47.84141721116819,CA,2024,1.0
frc6328,2024marea,0.7731885671507486,50.202673654963,MA,2024,2.0
frc4738,2024lake,0.7186006379482273,46.658311889044526,LA,2024,5.0
frc3478,2024lake,0.773941353370931,50.25155161636772,LA,2024,5.0
frc2231,2024isde4,0.7504032896020832,48.7232391398761,Haifa District,2024,1.0
frc3339,2024isde3,0.7738035934102981,50.24260694408441,Haifa District,2024,0.0
frc1690,2024isde3,0.849829680994305,55.17893557903613,Haifa District,2024,0.0
frc1690,2024iscmp,0.8421275555773178,54.67884115810657,Jerusalem District,2024,3.0
frc2481,2024ilpe,0.7758050259775876,50.37255876992207,IL,2024,2.0
frc359,2024ilch,0.7133626264248485,46.31821091719731,IL,2024,4.0
frc368,2024hiho,0.7761100795950615,50.392365719812375,HI,2024,5.0
frc359,2024hiho,0.9284046312444306,60.28076035044783,HI,2024,5.0
frc1771,2024gagwi,0.7471819466382928,48.51407925778184,GA,2024,2.0
frc2974,2024gacmp,0.7265585790579805,47.1750162707073,GA,2024,5.0
frc1771,2024gacmp,0.894815997115541,58.09987032008629,GA,2024,5.0
frc180,2024flor,0.7250999449566428,47.080308026324815,FL,2024,3.0
frc449,2024mdowi,0.7250351581808111,47.07610145951509,MD,2024,3.0
frc2468,2024txfor,0.7516331672701335,48.80309436514435,TX,2024,2.0
>>>>>>> cb9d615b486ceca9ccbd991c1cc15c6f2461efad
